[INFO] Scanning for projects...
[INFO] 
[INFO] --------------------< tz.elmkusoma:elmkusoma-core >---------------------
[INFO] Building ELMKUSOMA Core 0.1.0-SNAPSHOT
[INFO]   from pom.xml
[INFO] --------------------------------[ jar ]---------------------------------
[INFO] 
[INFO] >>> spring-boot:3.4.1:run (default-cli) > test-compile @ elmkusoma-core >>>
[INFO] 
[INFO] --- resources:3.3.1:resources (default-resources) @ elmkusoma-core ---
[INFO] Copying 1 resource from src\main\resources to target\classes
[INFO] Copying 21 resources from src\main\resources to target\classes
[INFO] 
[INFO] --- compiler:3.13.0:compile (default-compile) @ elmkusoma-core ---
[INFO] Recompiling the module because of changed source code.
[INFO] Compiling 275 source files with javac [debug parameters release 17] to target\classes
[WARNING] /C:/Users/dell/Desktop/elmkusoma/backend/elmkusoma-core/src/main/java/tz/elmkusoma/attendance/domain/AttendanceSummary.java:[36,21] @SuperBuilder will ignore the initializing expression entirely. If you want the initializing expression to serve as default, add @Builder.Default. If it is not supposed to be settable during building, make the field final.
[WARNING] /C:/Users/dell/Desktop/elmkusoma/backend/elmkusoma-core/src/main/java/tz/elmkusoma/attendance/domain/AttendanceSummary.java:[39,21] @SuperBuilder will ignore the initializing expression entirely. If you want the initializing expression to serve as default, add @Builder.Default. If it is not supposed to be settable during building, make the field final.
[WARNING] /C:/Users/dell/Desktop/elmkusoma/backend/elmkusoma-core/src/main/java/tz/elmkusoma/attendance/domain/AttendanceSummary.java:[42,21] @SuperBuilder will ignore the initializing expression entirely. If you want the initializing expression to serve as default, add @Builder.Default. If it is not supposed to be settable during building, make the field final.
[WARNING] /C:/Users/dell/Desktop/elmkusoma/backend/elmkusoma-core/src/main/java/tz/elmkusoma/attendance/domain/AttendanceSummary.java:[45,21] @SuperBuilder will ignore the initializing expression entirely. If you want the initializing expression to serve as default, add @Builder.Default. If it is not supposed to be settable during building, make the field final.
[WARNING] /C:/Users/dell/Desktop/elmkusoma/backend/elmkusoma-core/src/main/java/tz/elmkusoma/attendance/domain/AttendanceSummary.java:[48,21] @SuperBuilder will ignore the initializing expression entirely. If you want the initializing expression to serve as default, add @Builder.Default. If it is not supposed to be settable during building, make the field final.
[WARNING] /C:/Users/dell/Desktop/elmkusoma/backend/elmkusoma-core/src/main/java/tz/elmkusoma/academic/domain/Grade.java:[28,21] @SuperBuilder will ignore the initializing expression entirely. If you want the initializing expression to serve as default, add @Builder.Default. If it is not supposed to be settable during building, make the field final.
[WARNING] /C:/Users/dell/Desktop/elmkusoma/backend/elmkusoma-core/src/main/java/tz/elmkusoma/academic/domain/Grade.java:[31,21] @SuperBuilder will ignore the initializing expression entirely. If you want the initializing expression to serve as default, add @Builder.Default. If it is not supposed to be settable during building, make the field final.
[WARNING] /C:/Users/dell/Desktop/elmkusoma/backend/elmkusoma-core/src/main/java/tz/elmkusoma/administration/domain/RolePermission.java:[29,27] @Builder will ignore the initializing expression entirely. If you want the initializing expression to serve as default, add @Builder.Default. If it is not supposed to be settable during building, make the field final.
[WARNING] /C:/Users/dell/Desktop/elmkusoma/backend/elmkusoma-core/src/main/java/tz/elmkusoma/academic/domain/AcademicYear.java:[33,21] @SuperBuilder will ignore the initializing expression entirely. If you want the initializing expression to serve as default, add @Builder.Default. If it is not supposed to be settable during building, make the field final.
[WARNING] /C:/Users/dell/Desktop/elmkusoma/backend/elmkusoma-core/src/main/java/tz/elmkusoma/academic/domain/AcademicYear.java:[36,21] @SuperBuilder will ignore the initializing expression entirely. If you want the initializing expression to serve as default, add @Builder.Default. If it is not supposed to be settable during building, make the field final.
[WARNING] /C:/Users/dell/Desktop/elmkusoma/backend/elmkusoma-core/src/main/java/tz/elmkusoma/administration/domain/UserRoleAssignment.java:[29,27] @Builder will ignore the initializing expression entirely. If you want the initializing expression to serve as default, add @Builder.Default. If it is not supposed to be settable during building, make the field final.
[WARNING] /C:/Users/dell/Desktop/elmkusoma/backend/elmkusoma-core/src/main/java/tz/elmkusoma/administration/domain/UserRoleAssignment.java:[35,21] @Builder will ignore the initializing expression entirely. If you want the initializing expression to serve as default, add @Builder.Default. If it is not supposed to be settable during building, make the field final.
[WARNING] /C:/Users/dell/Desktop/elmkusoma/backend/elmkusoma-core/src/main/java/tz/elmkusoma/certificate/domain/Certificate.java:[66,31] @Builder will ignore the initializing expression entirely. If you want the initializing expression to serve as default, add @Builder.Default. If it is not supposed to be settable during building, make the field final.
[WARNING] /C:/Users/dell/Desktop/elmkusoma/backend/elmkusoma-core/src/main/java/tz/elmkusoma/nursery/domain/NurseryActivity.java:[59,28] @SuperBuilder will ignore the initializing expression entirely. If you want the initializing expression to serve as default, add @Builder.Default. If it is not supposed to be settable during building, make the field final.
[WARNING] /C:/Users/dell/Desktop/elmkusoma/backend/elmkusoma-core/src/main/java/tz/elmkusoma/nursery/domain/NurseryMilestone.java:[44,29] @SuperBuilder will ignore the initializing expression entirely. If you want the initializing expression to serve as default, add @Builder.Default. If it is not supposed to be settable during building, make the field final.
[WARNING] /C:/Users/dell/Desktop/elmkusoma/backend/elmkusoma-core/src/main/java/tz/elmkusoma/grading/domain/RubricCriteria.java:[32,21] @Builder will ignore the initializing expression entirely. If you want the initializing expression to serve as default, add @Builder.Default. If it is not supposed to be settable during building, make the field final.
[WARNING] /C:/Users/dell/Desktop/elmkusoma/backend/elmkusoma-core/src/main/java/tz/elmkusoma/academic/domain/ClassGroup.java:[41,21] @SuperBuilder will ignore the initializing expression entirely. If you want the initializing expression to serve as default, add @Builder.Default. If it is not supposed to be settable during building, make the field final.
[WARNING] /C:/Users/dell/Desktop/elmkusoma/backend/elmkusoma-core/src/main/java/tz/elmkusoma/shared/domain/Institution.java:[49,20] @Builder will ignore the initializing expression entirely. If you want the initializing expression to serve as default, add @Builder.Default. If it is not supposed to be settable during building, make the field final.
[WARNING] /C:/Users/dell/Desktop/elmkusoma/backend/elmkusoma-core/src/main/java/tz/elmkusoma/shared/domain/Institution.java:[64,21] @Builder will ignore the initializing expression entirely. If you want the initializing expression to serve as default, add @Builder.Default. If it is not supposed to be settable during building, make the field final.
[WARNING] /C:/Users/dell/Desktop/elmkusoma/backend/elmkusoma-core/src/main/java/tz/elmkusoma/shared/domain/Institution.java:[81,21] @Builder will ignore the initializing expression entirely. If you want the initializing expression to serve as default, add @Builder.Default. If it is not supposed to be settable during building, make the field final.
[WARNING] /C:/Users/dell/Desktop/elmkusoma/backend/elmkusoma-core/src/main/java/tz/elmkusoma/audit/domain/ActivityFeed.java:[54,20] @Builder will ignore the initializing expression entirely. If you want the initializing expression to serve as default, add @Builder.Default. If it is not supposed to be settable during building, make the field final.
[WARNING] /C:/Users/dell/Desktop/elmkusoma/backend/elmkusoma-core/src/main/java/tz/elmkusoma/audit/domain/ActivityFeed.java:[57,27] @Builder will ignore the initializing expression entirely. If you want the initializing expression to serve as default, add @Builder.Default. If it is not supposed to be settable during building, make the field final.
[WARNING] /C:/Users/dell/Desktop/elmkusoma/backend/elmkusoma-core/src/main/java/tz/elmkusoma/nursery/domain/NurseryReportCard.java:[60,30] @Builder will ignore the initializing expression entirely. If you want the initializing expression to serve as default, add @Builder.Default. If it is not supposed to be settable during building, make the field final.
[WARNING] /C:/Users/dell/Desktop/elmkusoma/backend/elmkusoma-core/src/main/java/tz/elmkusoma/grading/domain/GradeBoundary.java:[42,21] @SuperBuilder will ignore the initializing expression entirely. If you want the initializing expression to serve as default, add @Builder.Default. If it is not supposed to be settable during building, make the field final.
[WARNING] /C:/Users/dell/Desktop/elmkusoma/backend/elmkusoma-core/src/main/java/tz/elmkusoma/assessment/domain/Assessment.java:[42,21] @SuperBuilder will ignore the initializing expression entirely. If you want the initializing expression to serve as default, add @Builder.Default. If it is not supposed to be settable during building, make the field final.
[WARNING] /C:/Users/dell/Desktop/elmkusoma/backend/elmkusoma-core/src/main/java/tz/elmkusoma/shared/domain/User.java:[40,21] @SuperBuilder will ignore the initializing expression entirely. If you want the initializing expression to serve as default, add @Builder.Default. If it is not supposed to be settable during building, make the field final.
[WARNING] /C:/Users/dell/Desktop/elmkusoma/backend/elmkusoma-core/src/main/java/tz/elmkusoma/shared/domain/User.java:[43,21] @SuperBuilder will ignore the initializing expression entirely. If you want the initializing expression to serve as default, add @Builder.Default. If it is not supposed to be settable during building, make the field final.
[WARNING] /C:/Users/dell/Desktop/elmkusoma/backend/elmkusoma-core/src/main/java/tz/elmkusoma/certificate/domain/CertificateTemplate.java:[45,21] @Builder will ignore the initializing expression entirely. If you want the initializing expression to serve as default, add @Builder.Default. If it is not supposed to be settable during building, make the field final.
[WARNING] /C:/Users/dell/Desktop/elmkusoma/backend/elmkusoma-core/src/main/java/tz/elmkusoma/administration/domain/DashboardSnapshot.java:[42,27] @Builder will ignore the initializing expression entirely. If you want the initializing expression to serve as default, add @Builder.Default. If it is not supposed to be settable during building, make the field final.
[WARNING] /C:/Users/dell/Desktop/elmkusoma/backend/elmkusoma-core/src/main/java/tz/elmkusoma/shared/domain/InstitutionMembership.java:[36,21] @Builder will ignore the initializing expression entirely. If you want the initializing expression to serve as default, add @Builder.Default. If it is not supposed to be settable during building, make the field final.
[WARNING] /C:/Users/dell/Desktop/elmkusoma/backend/elmkusoma-core/src/main/java/tz/elmkusoma/administration/domain/DataImportJob.java:[36,26] @Builder will ignore the initializing expression entirely. If you want the initializing expression to serve as default, add @Builder.Default. If it is not supposed to be settable during building, make the field final.
[WARNING] /C:/Users/dell/Desktop/elmkusoma/backend/elmkusoma-core/src/main/java/tz/elmkusoma/administration/domain/DataImportJob.java:[39,21] @Builder will ignore the initializing expression entirely. If you want the initializing expression to serve as default, add @Builder.Default. If it is not supposed to be settable during building, make the field final.
[WARNING] /C:/Users/dell/Desktop/elmkusoma/backend/elmkusoma-core/src/main/java/tz/elmkusoma/administration/domain/DataImportJob.java:[42,21] @Builder will ignore the initializing expression entirely. If you want the initializing expression to serve as default, add @Builder.Default. If it is not supposed to be settable during building, make the field final.
[WARNING] /C:/Users/dell/Desktop/elmkusoma/backend/elmkusoma-core/src/main/java/tz/elmkusoma/administration/domain/DataImportJob.java:[45,21] @Builder will ignore the initializing expression entirely. If you want the initializing expression to serve as default, add @Builder.Default. If it is not supposed to be settable during building, make the field final.
[WARNING] /C:/Users/dell/Desktop/elmkusoma/backend/elmkusoma-core/src/main/java/tz/elmkusoma/administration/domain/DataImportJob.java:[48,21] @Builder will ignore the initializing expression entirely. If you want the initializing expression to serve as default, add @Builder.Default. If it is not supposed to be settable during building, make the field final.
[WARNING] /C:/Users/dell/Desktop/elmkusoma/backend/elmkusoma-core/src/main/java/tz/elmkusoma/administration/domain/SystemSetting.java:[28,20] @Builder will ignore the initializing expression entirely. If you want the initializing expression to serve as default, add @Builder.Default. If it is not supposed to be settable during building, make the field final.
[WARNING] /C:/Users/dell/Desktop/elmkusoma/backend/elmkusoma-core/src/main/java/tz/elmkusoma/administration/domain/SystemSetting.java:[34,21] @Builder will ignore the initializing expression entirely. If you want the initializing expression to serve as default, add @Builder.Default. If it is not supposed to be settable during building, make the field final.
[WARNING] /C:/Users/dell/Desktop/elmkusoma/backend/elmkusoma-core/src/main/java/tz/elmkusoma/assessment/domain/Option.java:[26,21] @SuperBuilder will ignore the initializing expression entirely. If you want the initializing expression to serve as default, add @Builder.Default. If it is not supposed to be settable during building, make the field final.
[WARNING] /C:/Users/dell/Desktop/elmkusoma/backend/elmkusoma-core/src/main/java/tz/elmkusoma/grading/domain/GradingScale.java:[40,21] @SuperBuilder will ignore the initializing expression entirely. If you want the initializing expression to serve as default, add @Builder.Default. If it is not supposed to be settable during building, make the field final.
[WARNING] /C:/Users/dell/Desktop/elmkusoma/backend/elmkusoma-core/src/main/java/tz/elmkusoma/grading/domain/GradingScale.java:[43,21] @SuperBuilder will ignore the initializing expression entirely. If you want the initializing expression to serve as default, add @Builder.Default. If it is not supposed to be settable during building, make the field final.
[WARNING] /C:/Users/dell/Desktop/elmkusoma/backend/elmkusoma-core/src/main/java/tz/elmkusoma/student/domain/StudentClassAssignment.java:[33,27] @SuperBuilder will ignore the initializing expression entirely. If you want the initializing expression to serve as default, add @Builder.Default. If it is not supposed to be settable during building, make the field final.
[WARNING] /C:/Users/dell/Desktop/elmkusoma/backend/elmkusoma-core/src/main/java/tz/elmkusoma/student/domain/StudentClassAssignment.java:[36,21] @SuperBuilder will ignore the initializing expression entirely. If you want the initializing expression to serve as default, add @Builder.Default. If it is not supposed to be settable during building, make the field final.
[WARNING] /C:/Users/dell/Desktop/elmkusoma/backend/elmkusoma-core/src/main/java/tz/elmkusoma/attendance/domain/BulkAttendanceSession.java:[32,21] @Builder will ignore the initializing expression entirely. If you want the initializing expression to serve as default, add @Builder.Default. If it is not supposed to be settable during building, make the field final.
[WARNING] /C:/Users/dell/Desktop/elmkusoma/backend/elmkusoma-core/src/main/java/tz/elmkusoma/attendance/domain/BulkAttendanceSession.java:[36,27] @Builder will ignore the initializing expression entirely. If you want the initializing expression to serve as default, add @Builder.Default. If it is not supposed to be settable during building, make the field final.
[WARNING] /C:/Users/dell/Desktop/elmkusoma/backend/elmkusoma-core/src/main/java/tz/elmkusoma/audit/domain/AuditLog.java:[80,27] @Builder will ignore the initializing expression entirely. If you want the initializing expression to serve as default, add @Builder.Default. If it is not supposed to be settable during building, make the field final.
[WARNING] /C:/Users/dell/Desktop/elmkusoma/backend/elmkusoma-core/src/main/java/tz/elmkusoma/assessment/domain/Attempt.java:[33,21] @SuperBuilder will ignore the initializing expression entirely. If you want the initializing expression to serve as default, add @Builder.Default. If it is not supposed to be settable during building, make the field final.
[WARNING] /C:/Users/dell/Desktop/elmkusoma/backend/elmkusoma-core/src/main/java/tz/elmkusoma/administration/domain/CustomRole.java:[26,21] @Builder will ignore the initializing expression entirely. If you want the initializing expression to serve as default, add @Builder.Default. If it is not supposed to be settable during building, make the field final.
[WARNING] /C:/Users/dell/Desktop/elmkusoma/backend/elmkusoma-core/src/main/java/tz/elmkusoma/administration/domain/CustomRole.java:[29,21] @Builder will ignore the initializing expression entirely. If you want the initializing expression to serve as default, add @Builder.Default. If it is not supposed to be settable during building, make the field final.
[WARNING] /C:/Users/dell/Desktop/elmkusoma/backend/elmkusoma-core/src/main/java/tz/elmkusoma/parent/domain/Parent.java:[27,30] @Builder will ignore the initializing expression entirely. If you want the initializing expression to serve as default, add @Builder.Default. If it is not supposed to be settable during building, make the field final.
[WARNING] /C:/Users/dell/Desktop/elmkusoma/backend/elmkusoma-core/src/main/java/tz/elmkusoma/student/domain/Student.java:[28,27] @SuperBuilder will ignore the initializing expression entirely. If you want the initializing expression to serve as default, add @Builder.Default. If it is not supposed to be settable during building, make the field final.
[WARNING] /C:/Users/dell/Desktop/elmkusoma/backend/elmkusoma-core/src/main/java/tz/elmkusoma/student/domain/Student.java:[64,23] @SuperBuilder will ignore the initializing expression entirely. If you want the initializing expression to serve as default, add @Builder.Default. If it is not supposed to be settable during building, make the field final.
[WARNING] /C:/Users/dell/Desktop/elmkusoma/backend/elmkusoma-core/src/main/java/tz/elmkusoma/parent/domain/ParentStudentLink.java:[26,37] @Builder will ignore the initializing expression entirely. If you want the initializing expression to serve as default, add @Builder.Default. If it is not supposed to be settable during building, make the field final.
[WARNING] /C:/Users/dell/Desktop/elmkusoma/backend/elmkusoma-core/src/main/java/tz/elmkusoma/parent/domain/ParentStudentLink.java:[29,21] @Builder will ignore the initializing expression entirely. If you want the initializing expression to serve as default, add @Builder.Default. If it is not supposed to be settable during building, make the field final.
[WARNING] /C:/Users/dell/Desktop/elmkusoma/backend/elmkusoma-core/src/main/java/tz/elmkusoma/learning/domain/Lesson.java:[44,21] @SuperBuilder will ignore the initializing expression entirely. If you want the initializing expression to serve as default, add @Builder.Default. If it is not supposed to be settable during building, make the field final.
[WARNING] /C:/Users/dell/Desktop/elmkusoma/backend/elmkusoma-core/src/main/java/tz/elmkusoma/certificate/domain/Transcript.java:[40,30] @Builder will ignore the initializing expression entirely. If you want the initializing expression to serve as default, add @Builder.Default. If it is not supposed to be settable during building, make the field final.
[WARNING] /C:/Users/dell/Desktop/elmkusoma/backend/elmkusoma-core/src/main/java/tz/elmkusoma/audit/domain/SecurityEvent.java:[52,22] @Builder will ignore the initializing expression entirely. If you want the initializing expression to serve as default, add @Builder.Default. If it is not supposed to be settable during building, make the field final.
[WARNING] /C:/Users/dell/Desktop/elmkusoma/backend/elmkusoma-core/src/main/java/tz/elmkusoma/audit/domain/SecurityEvent.java:[59,21] @Builder will ignore the initializing expression entirely. If you want the initializing expression to serve as default, add @Builder.Default. If it is not supposed to be settable during building, make the field final.
[WARNING] /C:/Users/dell/Desktop/elmkusoma/backend/elmkusoma-core/src/main/java/tz/elmkusoma/audit/domain/SecurityEvent.java:[68,27] @Builder will ignore the initializing expression entirely. If you want the initializing expression to serve as default, add @Builder.Default. If it is not supposed to be settable during building, make the field final.
[WARNING] /C:/Users/dell/Desktop/elmkusoma/backend/elmkusoma-core/src/main/java/tz/elmkusoma/parent/domain/ParentNotificationPreference.java:[22,21] @Builder will ignore the initializing expression entirely. If you want the initializing expression to serve as default, add @Builder.Default. If it is not supposed to be settable during building, make the field final.
[WARNING] /C:/Users/dell/Desktop/elmkusoma/backend/elmkusoma-core/src/main/java/tz/elmkusoma/parent/domain/ParentNotificationPreference.java:[25,21] @Builder will ignore the initializing expression entirely. If you want the initializing expression to serve as default, add @Builder.Default. If it is not supposed to be settable during building, make the field final.
[WARNING] /C:/Users/dell/Desktop/elmkusoma/backend/elmkusoma-core/src/main/java/tz/elmkusoma/parent/domain/ParentNotificationPreference.java:[28,21] @Builder will ignore the initializing expression entirely. If you want the initializing expression to serve as default, add @Builder.Default. If it is not supposed to be settable during building, make the field final.
[WARNING] /C:/Users/dell/Desktop/elmkusoma/backend/elmkusoma-core/src/main/java/tz/elmkusoma/parent/domain/ParentNotificationPreference.java:[31,21] @Builder will ignore the initializing expression entirely. If you want the initializing expression to serve as default, add @Builder.Default. If it is not supposed to be settable during building, make the field final.
[WARNING] /C:/Users/dell/Desktop/elmkusoma/backend/elmkusoma-core/src/main/java/tz/elmkusoma/parent/domain/ParentNotificationPreference.java:[34,21] @Builder will ignore the initializing expression entirely. If you want the initializing expression to serve as default, add @Builder.Default. If it is not supposed to be settable during building, make the field final.
[WARNING] /C:/Users/dell/Desktop/elmkusoma/backend/elmkusoma-core/src/main/java/tz/elmkusoma/parent/domain/ParentNotificationPreference.java:[37,21] @Builder will ignore the initializing expression entirely. If you want the initializing expression to serve as default, add @Builder.Default. If it is not supposed to be settable during building, make the field final.
[WARNING] /C:/Users/dell/Desktop/elmkusoma/backend/elmkusoma-core/src/main/java/tz/elmkusoma/parent/domain/ParentNotificationPreference.java:[40,21] @Builder will ignore the initializing expression entirely. If you want the initializing expression to serve as default, add @Builder.Default. If it is not supposed to be settable during building, make the field final.
[WARNING] /C:/Users/dell/Desktop/elmkusoma/backend/elmkusoma-core/src/main/java/tz/elmkusoma/identity/domain/PasswordResetToken.java:[35,21] @Builder will ignore the initializing expression entirely. If you want the initializing expression to serve as default, add @Builder.Default. If it is not supposed to be settable during building, make the field final.
[WARNING] /C:/Users/dell/Desktop/elmkusoma/backend/elmkusoma-core/src/main/java/tz/elmkusoma/teacher/domain/Teacher.java:[28,27] @Builder will ignore the initializing expression entirely. If you want the initializing expression to serve as default, add @Builder.Default. If it is not supposed to be settable during building, make the field final.
[WARNING] /C:/Users/dell/Desktop/elmkusoma/backend/elmkusoma-core/src/main/java/tz/elmkusoma/grading/domain/GradingRubric.java:[32,21] @Builder will ignore the initializing expression entirely. If you want the initializing expression to serve as default, add @Builder.Default. If it is not supposed to be settable during building, make the field final.
[WARNING] /C:/Users/dell/Desktop/elmkusoma/backend/elmkusoma-core/src/main/java/tz/elmkusoma/identity/domain/EmailVerificationToken.java:[34,21] @Builder will ignore the initializing expression entirely. If you want the initializing expression to serve as default, add @Builder.Default. If it is not supposed to be settable during building, make the field final.
[WARNING] /C:/Users/dell/Desktop/elmkusoma/backend/elmkusoma-core/src/main/java/tz/elmkusoma/academic/domain/Term.java:[36,21] @SuperBuilder will ignore the initializing expression entirely. If you want the initializing expression to serve as default, add @Builder.Default. If it is not supposed to be settable during building, make the field final.
[WARNING] /C:/Users/dell/Desktop/elmkusoma/backend/elmkusoma-core/src/main/java/tz/elmkusoma/learning/domain/LessonProgress.java:[27,20] @SuperBuilder will ignore the initializing expression entirely. If you want the initializing expression to serve as default, add @Builder.Default. If it is not supposed to be settable during building, make the field final.
[WARNING] /C:/Users/dell/Desktop/elmkusoma/backend/elmkusoma-core/src/main/java/tz/elmkusoma/grading/domain/ReportCard.java:[56,30] @SuperBuilder will ignore the initializing expression entirely. If you want the initializing expression to serve as default, add @Builder.Default. If it is not supposed to be settable during building, make the field final.
[WARNING] /C:/Users/dell/Desktop/elmkusoma/backend/elmkusoma-core/src/main/java/tz/elmkusoma/academic/domain/Subject.java:[31,21] @SuperBuilder will ignore the initializing expression entirely. If you want the initializing expression to serve as default, add @Builder.Default. If it is not supposed to be settable during building, make the field final.
[INFO] 
[INFO] --- resources:3.3.1:testResources (default-testResources) @ elmkusoma-core ---
[INFO] skip non existing resourceDirectory C:\Users\dell\Desktop\elmkusoma\backend\elmkusoma-core\src\test\resources
[INFO] 
[INFO] --- compiler:3.13.0:testCompile (default-testCompile) @ elmkusoma-core ---
[INFO] No sources to compile
[INFO] 
[INFO] <<< spring-boot:3.4.1:run (default-cli) < test-compile @ elmkusoma-core <<<
[INFO] 
[INFO] 
[INFO] --- spring-boot:3.4.1:run (default-cli) @ elmkusoma-core ---
[INFO] Attaching agents: []

  .   ____          _            __ _ _
 /\\ / ___'_ __ _ _(_)_ __  __ _ \ \ \ \
( ( )\___ | '_ | '_| | '_ \/ _` | \ \ \ \
 \\/  ___)| |_)| | | | | || (_| |  ) ) ) )
  '  |____| .__|_| |_|_| |_\__, | / / / /
 =========|_|==============|___/=/_/_/_/

 :: Spring Boot ::                (v3.4.1)

2026-09-09T11:11:29.424-06:00  INFO 2264 --- [elmkusoma-core] [           main] tz.elmkusoma.ElmkusomaCoreApplication    : Starting ElmkusomaCoreApplication using Java 17.0.13 with PID 2264 (C:\Users\dell\Desktop\elmkusoma\backend\elmkusoma-core\target\classes started by dell in C:\Users\dell\Desktop\elmkusoma\backend\elmkusoma-core)
2026-09-09T11:11:29.424-06:00 DEBUG 2264 --- [elmkusoma-core] [           main] tz.elmkusoma.ElmkusomaCoreApplication    : Running with Spring Boot v3.4.1, Spring v6.2.1
2026-09-09T11:11:29.424-06:00  INFO 2264 --- [elmkusoma-core] [           main] tz.elmkusoma.ElmkusomaCoreApplication    : No active profile set, falling back to 1 default profile: "default"
2026-09-09T11:11:32.297-06:00  INFO 2264 --- [elmkusoma-core] [           main] .s.d.r.c.RepositoryConfigurationDelegate : Multiple Spring Data modules found, entering strict repository configuration mode
2026-09-09T11:11:32.297-06:00  INFO 2264 --- [elmkusoma-core] [           main] .s.d.r.c.RepositoryConfigurationDelegate : Bootstrapping Spring Data JPA repositories in DEFAULT mode.
2026-09-09T11:11:33.156-06:00  INFO 2264 --- [elmkusoma-core] [           main] .s.d.r.c.RepositoryConfigurationDelegate : Finished Spring Data repository scanning in 847 ms. Found 56 JPA repository interfaces.
2026-09-09T11:11:33.187-06:00  INFO 2264 --- [elmkusoma-core] [           main] .s.d.r.c.RepositoryConfigurationDelegate : Multiple Spring Data modules found, entering strict repository configuration mode
2026-09-09T11:11:33.203-06:00  INFO 2264 --- [elmkusoma-core] [           main] .s.d.r.c.RepositoryConfigurationDelegate : Bootstrapping Spring Data Redis repositories in DEFAULT mode.
2026-09-09T11:11:33.265-06:00  INFO 2264 --- [elmkusoma-core] [           main] .RepositoryConfigurationExtensionSupport : Spring Data Redis - Could not safely identify store assignment for repository candidate interface tz.elmkusoma.academic.repository.AcademicYearRepository; If you want this repository to be a Redis repository, consider annotating your entities with one of these annotations: org.springframework.data.redis.core.RedisHash (preferred), or consider extending one of the following types with your repository: org.springframework.data.keyvalue.repository.KeyValueRepository
2026-09-09T11:11:33.265-06:00  INFO 2264 --- [elmkusoma-core] [           main] .RepositoryConfigurationExtensionSupport : Spring Data Redis - Could not safely identify store assignment for repository candidate interface tz.elmkusoma.academic.repository.ClassGroupRepository; If you want this repository to be a Redis repository, consider annotating your entities with one of these annotations: org.springframework.data.redis.core.RedisHash (preferred), or consider extending one of the following types with your repository: org.springframework.data.keyvalue.repository.KeyValueRepository
2026-09-09T11:11:33.265-06:00  INFO 2264 --- [elmkusoma-core] [           main] .RepositoryConfigurationExtensionSupport : Spring Data Redis - Could not safely identify store assignment for repository candidate interface tz.elmkusoma.academic.repository.GradeRepository; If you want this repository to be a Redis repository, consider annotating your entities with one of these annotations: org.springframework.data.redis.core.RedisHash (preferred), or consider extending one of the following types with your repository: org.springframework.data.keyvalue.repository.KeyValueRepository
2026-09-09T11:11:33.265-06:00  INFO 2264 --- [elmkusoma-core] [           main] .RepositoryConfigurationExtensionSupport : Spring Data Redis - Could not safely identify store assignment for repository candidate interface tz.elmkusoma.academic.repository.SubjectRepository; If you want this repository to be a Redis repository, consider annotating your entities with one of these annotations: org.springframework.data.redis.core.RedisHash (preferred), or consider extending one of the following types with your repository: org.springframework.data.keyvalue.repository.KeyValueRepository
2026-09-09T11:11:33.265-06:00  INFO 2264 --- [elmkusoma-core] [           main] .RepositoryConfigurationExtensionSupport : Spring Data Redis - Could not safely identify store assignment for repository candidate interface tz.elmkusoma.academic.repository.TermRepository; If you want this repository to be a Redis repository, consider annotating your entities with one of these annotations: org.springframework.data.redis.core.RedisHash (preferred), or consider extending one of the following types with your repository: org.springframework.data.keyvalue.repository.KeyValueRepository
2026-09-09T11:11:33.265-06:00  INFO 2264 --- [elmkusoma-core] [           main] .RepositoryConfigurationExtensionSupport : Spring Data Redis - Could not safely identify store assignment for repository candidate interface tz.elmkusoma.administration.repository.CustomRoleRepository; If you want this repository to be a Redis repository, consider annotating your entities with one of these annotations: org.springframework.data.redis.core.RedisHash (preferred), or consider extending one of the following types with your repository: org.springframework.data.keyvalue.repository.KeyValueRepository
2026-09-09T11:11:33.265-06:00  INFO 2264 --- [elmkusoma-core] [           main] .RepositoryConfigurationExtensionSupport : Spring Data Redis - Could not safely identify store assignment for repository candidate interface tz.elmkusoma.administration.repository.DashboardSnapshotRepository; If you want this repository to be a Redis repository, consider annotating your entities with one of these annotations: org.springframework.data.redis.core.RedisHash (preferred), or consider extending one of the following types with your repository: org.springframework.data.keyvalue.repository.KeyValueRepository
2026-09-09T11:11:33.281-06:00  INFO 2264 --- [elmkusoma-core] [           main] .RepositoryConfigurationExtensionSupport : Spring Data Redis - Could not safely identify store assignment for repository candidate interface tz.elmkusoma.administration.repository.DataImportJobRepository; If you want this repository to be a Redis repository, consider annotating your entities with one of these annotations: org.springframework.data.redis.core.RedisHash (preferred), or consider extending one of the following types with your repository: org.springframework.data.keyvalue.repository.KeyValueRepository
2026-09-09T11:11:33.281-06:00  INFO 2264 --- [elmkusoma-core] [           main] .RepositoryConfigurationExtensionSupport : Spring Data Redis - Could not safely identify store assignment for repository candidate interface tz.elmkusoma.administration.repository.RolePermissionRepository; If you want this repository to be a Redis repository, consider annotating your entities with one of these annotations: org.springframework.data.redis.core.RedisHash (preferred), or consider extending one of the following types with your repository: org.springframework.data.keyvalue.repository.KeyValueRepository
2026-09-09T11:11:33.281-06:00  INFO 2264 --- [elmkusoma-core] [           main] .RepositoryConfigurationExtensionSupport : Spring Data Redis - Could not safely identify store assignment for repository candidate interface tz.elmkusoma.administration.repository.SystemSettingRepository; If you want this repository to be a Redis repository, consider annotating your entities with one of these annotations: org.springframework.data.redis.core.RedisHash (preferred), or consider extending one of the following types with your repository: org.springframework.data.keyvalue.repository.KeyValueRepository
2026-09-09T11:11:33.281-06:00  INFO 2264 --- [elmkusoma-core] [           main] .RepositoryConfigurationExtensionSupport : Spring Data Redis - Could not safely identify store assignment for repository candidate interface tz.elmkusoma.assessment.repository.AnswerRepository; If you want this repository to be a Redis repository, consider annotating your entities with one of these annotations: org.springframework.data.redis.core.RedisHash (preferred), or consider extending one of the following types with your repository: org.springframework.data.keyvalue.repository.KeyValueRepository
2026-09-09T11:11:33.281-06:00  INFO 2264 --- [elmkusoma-core] [           main] .RepositoryConfigurationExtensionSupport : Spring Data Redis - Could not safely identify store assignment for repository candidate interface tz.elmkusoma.assessment.repository.AssessmentRepository; If you want this repository to be a Redis repository, consider annotating your entities with one of these annotations: org.springframework.data.redis.core.RedisHash (preferred), or consider extending one of the following types with your repository: org.springframework.data.keyvalue.repository.KeyValueRepository
2026-09-09T11:11:33.281-06:00  INFO 2264 --- [elmkusoma-core] [           main] .RepositoryConfigurationExtensionSupport : Spring Data Redis - Could not safely identify store assignment for repository candidate interface tz.elmkusoma.assessment.repository.AssessmentResultRepository; If you want this repository to be a Redis repository, consider annotating your entities with one of these annotations: org.springframework.data.redis.core.RedisHash (preferred), or consider extending one of the following types with your repository: org.springframework.data.keyvalue.repository.KeyValueRepository
2026-09-09T11:11:33.281-06:00  INFO 2264 --- [elmkusoma-core] [           main] .RepositoryConfigurationExtensionSupport : Spring Data Redis - Could not safely identify store assignment for repository candidate interface tz.elmkusoma.assessment.repository.AttemptRepository; If you want this repository to be a Redis repository, consider annotating your entities with one of these annotations: org.springframework.data.redis.core.RedisHash (preferred), or consider extending one of the following types with your repository: org.springframework.data.keyvalue.repository.KeyValueRepository
2026-09-09T11:11:33.281-06:00  INFO 2264 --- [elmkusoma-core] [           main] .RepositoryConfigurationExtensionSupport : Spring Data Redis - Could not safely identify store assignment for repository candidate interface tz.elmkusoma.assessment.repository.OptionRepository; If you want this repository to be a Redis repository, consider annotating your entities with one of these annotations: org.springframework.data.redis.core.RedisHash (preferred), or consider extending one of the following types with your repository: org.springframework.data.keyvalue.repository.KeyValueRepository
2026-09-09T11:11:33.281-06:00  INFO 2264 --- [elmkusoma-core] [           main] .RepositoryConfigurationExtensionSupport : Spring Data Redis - Could not safely identify store assignment for repository candidate interface tz.elmkusoma.assessment.repository.QuestionRepository; If you want this repository to be a Redis repository, consider annotating your entities with one of these annotations: org.springframework.data.redis.core.RedisHash (preferred), or consider extending one of the following types with your repository: org.springframework.data.keyvalue.repository.KeyValueRepository
2026-09-09T11:11:33.281-06:00  INFO 2264 --- [elmkusoma-core] [           main] .RepositoryConfigurationExtensionSupport : Spring Data Redis - Could not safely identify store assignment for repository candidate interface tz.elmkusoma.attendance.repository.AttendanceRecordRepository; If you want this repository to be a Redis repository, consider annotating your entities with one of these annotations: org.springframework.data.redis.core.RedisHash (preferred), or consider extending one of the following types with your repository: org.springframework.data.keyvalue.repository.KeyValueRepository
2026-09-09T11:11:33.281-06:00  INFO 2264 --- [elmkusoma-core] [           main] .RepositoryConfigurationExtensionSupport : Spring Data Redis - Could not safely identify store assignment for repository candidate interface tz.elmkusoma.attendance.repository.AttendanceSummaryRepository; If you want this repository to be a Redis repository, consider annotating your entities with one of these annotations: org.springframework.data.redis.core.RedisHash (preferred), or consider extending one of the following types with your repository: org.springframework.data.keyvalue.repository.KeyValueRepository
2026-09-09T11:11:33.281-06:00  INFO 2264 --- [elmkusoma-core] [           main] .RepositoryConfigurationExtensionSupport : Spring Data Redis - Could not safely identify store assignment for repository candidate interface tz.elmkusoma.attendance.repository.BulkAttendanceSessionRepository; If you want this repository to be a Redis repository, consider annotating your entities with one of these annotations: org.springframework.data.redis.core.RedisHash (preferred), or consider extending one of the following types with your repository: org.springframework.data.keyvalue.repository.KeyValueRepository
2026-09-09T11:11:33.281-06:00  INFO 2264 --- [elmkusoma-core] [           main] .RepositoryConfigurationExtensionSupport : Spring Data Redis - Could not safely identify store assignment for repository candidate interface tz.elmkusoma.audit.repository.ActivityFeedRepository; If you want this repository to be a Redis repository, consider annotating your entities with one of these annotations: org.springframework.data.redis.core.RedisHash (preferred), or consider extending one of the following types with your repository: org.springframework.data.keyvalue.repository.KeyValueRepository
2026-09-09T11:11:33.281-06:00  INFO 2264 --- [elmkusoma-core] [           main] .RepositoryConfigurationExtensionSupport : Spring Data Redis - Could not safely identify store assignment for repository candidate interface tz.elmkusoma.audit.repository.AuditLogRepository; If you want this repository to be a Redis repository, consider annotating your entities with one of these annotations: org.springframework.data.redis.core.RedisHash (preferred), or consider extending one of the following types with your repository: org.springframework.data.keyvalue.repository.KeyValueRepository
2026-09-09T11:11:33.281-06:00  INFO 2264 --- [elmkusoma-core] [           main] .RepositoryConfigurationExtensionSupport : Spring Data Redis - Could not safely identify store assignment for repository candidate interface tz.elmkusoma.audit.repository.SecurityEventRepository; If you want this repository to be a Redis repository, consider annotating your entities with one of these annotations: org.springframework.data.redis.core.RedisHash (preferred), or consider extending one of the following types with your repository: org.springframework.data.keyvalue.repository.KeyValueRepository
2026-09-09T11:11:33.296-06:00  INFO 2264 --- [elmkusoma-core] [           main] .RepositoryConfigurationExtensionSupport : Spring Data Redis - Could not safely identify store assignment for repository candidate interface tz.elmkusoma.certificate.repository.CertificateRepository; If you want this repository to be a Redis repository, consider annotating your entities with one of these annotations: org.springframework.data.redis.core.RedisHash (preferred), or consider extending one of the following types with your repository: org.springframework.data.keyvalue.repository.KeyValueRepository
2026-09-09T11:11:33.296-06:00  INFO 2264 --- [elmkusoma-core] [           main] .RepositoryConfigurationExtensionSupport : Spring Data Redis - Could not safely identify store assignment for repository candidate interface tz.elmkusoma.certificate.repository.CertificateTemplateRepository; If you want this repository to be a Redis repository, consider annotating your entities with one of these annotations: org.springframework.data.redis.core.RedisHash (preferred), or consider extending one of the following types with your repository: org.springframework.data.keyvalue.repository.KeyValueRepository
2026-09-09T11:11:33.296-06:00  INFO 2264 --- [elmkusoma-core] [           main] .RepositoryConfigurationExtensionSupport : Spring Data Redis - Could not safely identify store assignment for repository candidate interface tz.elmkusoma.certificate.repository.TranscriptEntryRepository; If you want this repository to be a Redis repository, consider annotating your entities with one of these annotations: org.springframework.data.redis.core.RedisHash (preferred), or consider extending one of the following types with your repository: org.springframework.data.keyvalue.repository.KeyValueRepository
2026-09-09T11:11:33.296-06:00  INFO 2264 --- [elmkusoma-core] [           main] .RepositoryConfigurationExtensionSupport : Spring Data Redis - Could not safely identify store assignment for repository candidate interface tz.elmkusoma.certificate.repository.TranscriptRepository; If you want this repository to be a Redis repository, consider annotating your entities with one of these annotations: org.springframework.data.redis.core.RedisHash (preferred), or consider extending one of the following types with your repository: org.springframework.data.keyvalue.repository.KeyValueRepository
2026-09-09T11:11:33.296-06:00  INFO 2264 --- [elmkusoma-core] [           main] .RepositoryConfigurationExtensionSupport : Spring Data Redis - Could not safely identify store assignment for repository candidate interface tz.elmkusoma.enrollment.repository.EnrollmentRepository; If you want this repository to be a Redis repository, consider annotating your entities with one of these annotations: org.springframework.data.redis.core.RedisHash (preferred), or consider extending one of the following types with your repository: org.springframework.data.keyvalue.repository.KeyValueRepository
2026-09-09T11:11:33.296-06:00  INFO 2264 --- [elmkusoma-core] [           main] .RepositoryConfigurationExtensionSupport : Spring Data Redis - Could not safely identify store assignment for repository candidate interface tz.elmkusoma.enrollment.repository.TransferRecordRepository; If you want this repository to be a Redis repository, consider annotating your entities with one of these annotations: org.springframework.data.redis.core.RedisHash (preferred), or consider extending one of the following types with your repository: org.springframework.data.keyvalue.repository.KeyValueRepository
2026-09-09T11:11:33.296-06:00  INFO 2264 --- [elmkusoma-core] [           main] .RepositoryConfigurationExtensionSupport : Spring Data Redis - Could not safely identify store assignment for repository candidate interface tz.elmkusoma.grading.repository.GradeBoundaryRepository; If you want this repository to be a Redis repository, consider annotating your entities with one of these annotations: org.springframework.data.redis.core.RedisHash (preferred), or consider extending one of the following types with your repository: org.springframework.data.keyvalue.repository.KeyValueRepository
2026-09-09T11:11:33.296-06:00  INFO 2264 --- [elmkusoma-core] [           main] .RepositoryConfigurationExtensionSupport : Spring Data Redis - Could not safely identify store assignment for repository candidate interface tz.elmkusoma.grading.repository.GradingRubricRepository; If you want this repository to be a Redis repository, consider annotating your entities with one of these annotations: org.springframework.data.redis.core.RedisHash (preferred), or consider extending one of the following types with your repository: org.springframework.data.keyvalue.repository.KeyValueRepository
2026-09-09T11:11:33.296-06:00  INFO 2264 --- [elmkusoma-core] [           main] .RepositoryConfigurationExtensionSupport : Spring Data Redis - Could not safely identify store assignment for repository candidate interface tz.elmkusoma.grading.repository.GradingScaleRepository; If you want this repository to be a Redis repository, consider annotating your entities with one of these annotations: org.springframework.data.redis.core.RedisHash (preferred), or consider extending one of the following types with your repository: org.springframework.data.keyvalue.repository.KeyValueRepository
2026-09-09T11:11:33.296-06:00  INFO 2264 --- [elmkusoma-core] [           main] .RepositoryConfigurationExtensionSupport : Spring Data Redis - Could not safely identify store assignment for repository candidate interface tz.elmkusoma.grading.repository.ReportCardRepository; If you want this repository to be a Redis repository, consider annotating your entities with one of these annotations: org.springframework.data.redis.core.RedisHash (preferred), or consider extending one of the following types with your repository: org.springframework.data.keyvalue.repository.KeyValueRepository
2026-09-09T11:11:33.296-06:00  INFO 2264 --- [elmkusoma-core] [           main] .RepositoryConfigurationExtensionSupport : Spring Data Redis - Could not safely identify store assignment for repository candidate interface tz.elmkusoma.grading.repository.RubricCriteriaRepository; If you want this repository to be a Redis repository, consider annotating your entities with one of these annotations: org.springframework.data.redis.core.RedisHash (preferred), or consider extending one of the following types with your repository: org.springframework.data.keyvalue.repository.KeyValueRepository
2026-09-09T11:11:33.296-06:00  INFO 2264 --- [elmkusoma-core] [           main] .RepositoryConfigurationExtensionSupport : Spring Data Redis - Could not safely identify store assignment for repository candidate interface tz.elmkusoma.grading.repository.SubjectGradeRepository; If you want this repository to be a Redis repository, consider annotating your entities with one of these annotations: org.springframework.data.redis.core.RedisHash (preferred), or consider extending one of the following types with your repository: org.springframework.data.keyvalue.repository.KeyValueRepository
2026-09-09T11:11:33.296-06:00  INFO 2264 --- [elmkusoma-core] [           main] .RepositoryConfigurationExtensionSupport : Spring Data Redis - Could not safely identify store assignment for repository candidate interface tz.elmkusoma.identity.repository.EmailVerificationTokenRepository; If you want this repository to be a Redis repository, consider annotating your entities with one of these annotations: org.springframework.data.redis.core.RedisHash (preferred), or consider extending one of the following types with your repository: org.springframework.data.keyvalue.repository.KeyValueRepository
2026-09-09T11:11:33.296-06:00  INFO 2264 --- [elmkusoma-core] [           main] .RepositoryConfigurationExtensionSupport : Spring Data Redis - Could not safely identify store assignment for repository candidate interface tz.elmkusoma.identity.repository.PasswordResetTokenRepository; If you want this repository to be a Redis repository, consider annotating your entities with one of these annotations: org.springframework.data.redis.core.RedisHash (preferred), or consider extending one of the following types with your repository: org.springframework.data.keyvalue.repository.KeyValueRepository
2026-09-09T11:11:33.296-06:00  INFO 2264 --- [elmkusoma-core] [           main] .RepositoryConfigurationExtensionSupport : Spring Data Redis - Could not safely identify store assignment for repository candidate interface tz.elmkusoma.learning.repository.AssignmentRepository; If you want this repository to be a Redis repository, consider annotating your entities with one of these annotations: org.springframework.data.redis.core.RedisHash (preferred), or consider extending one of the following types with your repository: org.springframework.data.keyvalue.repository.KeyValueRepository
2026-09-09T11:11:33.296-06:00  INFO 2264 --- [elmkusoma-core] [           main] .RepositoryConfigurationExtensionSupport : Spring Data Redis - Could not safely identify store assignment for repository candidate interface tz.elmkusoma.learning.repository.AssignmentSubmissionRepository; If you want this repository to be a Redis repository, consider annotating your entities with one of these annotations: org.springframework.data.redis.core.RedisHash (preferred), or consider extending one of the following types with your repository: org.springframework.data.keyvalue.repository.KeyValueRepository
2026-09-09T11:11:33.296-06:00  INFO 2264 --- [elmkusoma-core] [           main] .RepositoryConfigurationExtensionSupport : Spring Data Redis - Could not safely identify store assignment for repository candidate interface tz.elmkusoma.learning.repository.LessonProgressRepository; If you want this repository to be a Redis repository, consider annotating your entities with one of these annotations: org.springframework.data.redis.core.RedisHash (preferred), or consider extending one of the following types with your repository: org.springframework.data.keyvalue.repository.KeyValueRepository
2026-09-09T11:11:33.312-06:00  INFO 2264 --- [elmkusoma-core] [           main] .RepositoryConfigurationExtensionSupport : Spring Data Redis - Could not safely identify store assignment for repository candidate interface tz.elmkusoma.learning.repository.LessonRepository; If you want this repository to be a Redis repository, consider annotating your entities with one of these annotations: org.springframework.data.redis.core.RedisHash (preferred), or consider extending one of the following types with your repository: org.springframework.data.keyvalue.repository.KeyValueRepository
2026-09-09T11:11:33.312-06:00  INFO 2264 --- [elmkusoma-core] [           main] .RepositoryConfigurationExtensionSupport : Spring Data Redis - Could not safely identify store assignment for repository candidate interface tz.elmkusoma.learning.repository.ResourceRepository; If you want this repository to be a Redis repository, consider annotating your entities with one of these annotations: org.springframework.data.redis.core.RedisHash (preferred), or consider extending one of the following types with your repository: org.springframework.data.keyvalue.repository.KeyValueRepository
2026-09-09T11:11:33.312-06:00  INFO 2264 --- [elmkusoma-core] [           main] .RepositoryConfigurationExtensionSupport : Spring Data Redis - Could not safely identify store assignment for repository candidate interface tz.elmkusoma.nursery.repository.NurseryActivityParticipationRepository; If you want this repository to be a Redis repository, consider annotating your entities with one of these annotations: org.springframework.data.redis.core.RedisHash (preferred), or consider extending one of the following types with your repository: org.springframework.data.keyvalue.repository.KeyValueRepository
2026-09-09T11:11:33.312-06:00  INFO 2264 --- [elmkusoma-core] [           main] .RepositoryConfigurationExtensionSupport : Spring Data Redis - Could not safely identify store assignment for repository candidate interface tz.elmkusoma.nursery.repository.NurseryActivityRepository; If you want this repository to be a Redis repository, consider annotating your entities with one of these annotations: org.springframework.data.redis.core.RedisHash (preferred), or consider extending one of the following types with your repository: org.springframework.data.keyvalue.repository.KeyValueRepository
2026-09-09T11:11:33.312-06:00  INFO 2264 --- [elmkusoma-core] [           main] .RepositoryConfigurationExtensionSupport : Spring Data Redis - Could not safely identify store assignment for repository candidate interface tz.elmkusoma.nursery.repository.NurseryMilestoneRepository; If you want this repository to be a Redis repository, consider annotating your entities with one of these annotations: org.springframework.data.redis.core.RedisHash (preferred), or consider extending one of the following types with your repository: org.springframework.data.keyvalue.repository.KeyValueRepository
2026-09-09T11:11:33.312-06:00  INFO 2264 --- [elmkusoma-core] [           main] .RepositoryConfigurationExtensionSupport : Spring Data Redis - Could not safely identify store assignment for repository candidate interface tz.elmkusoma.nursery.repository.NurseryReportCardRepository; If you want this repository to be a Redis repository, consider annotating your entities with one of these annotations: org.springframework.data.redis.core.RedisHash (preferred), or consider extending one of the following types with your repository: org.springframework.data.keyvalue.repository.KeyValueRepository
2026-09-09T11:11:33.312-06:00  INFO 2264 --- [elmkusoma-core] [           main] .RepositoryConfigurationExtensionSupport : Spring Data Redis - Could not safely identify store assignment for repository candidate interface tz.elmkusoma.parent.repository.ParentNotificationPreferenceRepository; If you want this repository to be a Redis repository, consider annotating your entities with one of these annotations: org.springframework.data.redis.core.RedisHash (preferred), or consider extending one of the following types with your repository: org.springframework.data.keyvalue.repository.KeyValueRepository
2026-09-09T11:11:33.312-06:00  INFO 2264 --- [elmkusoma-core] [           main] .RepositoryConfigurationExtensionSupport : Spring Data Redis - Could not safely identify store assignment for repository candidate interface tz.elmkusoma.parent.repository.ParentRepository; If you want this repository to be a Redis repository, consider annotating your entities with one of these annotations: org.springframework.data.redis.core.RedisHash (preferred), or consider extending one of the following types with your repository: org.springframework.data.keyvalue.repository.KeyValueRepository
2026-09-09T11:11:33.312-06:00  INFO 2264 --- [elmkusoma-core] [           main] .RepositoryConfigurationExtensionSupport : Spring Data Redis - Could not safely identify store assignment for repository candidate interface tz.elmkusoma.parent.repository.ParentStudentLinkRepository; If you want this repository to be a Redis repository, consider annotating your entities with one of these annotations: org.springframework.data.redis.core.RedisHash (preferred), or consider extending one of the following types with your repository: org.springframework.data.keyvalue.repository.KeyValueRepository
2026-09-09T11:11:33.312-06:00  INFO 2264 --- [elmkusoma-core] [           main] .RepositoryConfigurationExtensionSupport : Spring Data Redis - Could not safely identify store assignment for repository candidate interface tz.elmkusoma.shared.repository.InstitutionMembershipRepository; If you want this repository to be a Redis repository, consider annotating your entities with one of these annotations: org.springframework.data.redis.core.RedisHash (preferred), or consider extending one of the following types with your repository: org.springframework.data.keyvalue.repository.KeyValueRepository
2026-09-09T11:11:33.312-06:00  INFO 2264 --- [elmkusoma-core] [           main] .RepositoryConfigurationExtensionSupport : Spring Data Redis - Could not safely identify store assignment for repository candidate interface tz.elmkusoma.shared.repository.InstitutionRepository; If you want this repository to be a Redis repository, consider annotating your entities with one of these annotations: org.springframework.data.redis.core.RedisHash (preferred), or consider extending one of the following types with your repository: org.springframework.data.keyvalue.repository.KeyValueRepository
2026-09-09T11:11:33.312-06:00  INFO 2264 --- [elmkusoma-core] [           main] .RepositoryConfigurationExtensionSupport : Spring Data Redis - Could not safely identify store assignment for repository candidate interface tz.elmkusoma.shared.repository.UserRepository; If you want this repository to be a Redis repository, consider annotating your entities with one of these annotations: org.springframework.data.redis.core.RedisHash (preferred), or consider extending one of the following types with your repository: org.springframework.data.keyvalue.repository.KeyValueRepository
2026-09-09T11:11:33.312-06:00  INFO 2264 --- [elmkusoma-core] [           main] .RepositoryConfigurationExtensionSupport : Spring Data Redis - Could not safely identify store assignment for repository candidate interface tz.elmkusoma.student.repository.StudentClassAssignmentRepository; If you want this repository to be a Redis repository, consider annotating your entities with one of these annotations: org.springframework.data.redis.core.RedisHash (preferred), or consider extending one of the following types with your repository: org.springframework.data.keyvalue.repository.KeyValueRepository
2026-09-09T11:11:33.312-06:00  INFO 2264 --- [elmkusoma-core] [           main] .RepositoryConfigurationExtensionSupport : Spring Data Redis - Could not safely identify store assignment for repository candidate interface tz.elmkusoma.student.repository.StudentRepository; If you want this repository to be a Redis repository, consider annotating your entities with one of these annotations: org.springframework.data.redis.core.RedisHash (preferred), or consider extending one of the following types with your repository: org.springframework.data.keyvalue.repository.KeyValueRepository
2026-09-09T11:11:33.312-06:00  INFO 2264 --- [elmkusoma-core] [           main] .RepositoryConfigurationExtensionSupport : Spring Data Redis - Could not safely identify store assignment for repository candidate interface tz.elmkusoma.teacher.repository.TeacherAssignmentRepository; If you want this repository to be a Redis repository, consider annotating your entities with one of these annotations: org.springframework.data.redis.core.RedisHash (preferred), or consider extending one of the following types with your repository: org.springframework.data.keyvalue.repository.KeyValueRepository
2026-09-09T11:11:33.312-06:00  INFO 2264 --- [elmkusoma-core] [           main] .RepositoryConfigurationExtensionSupport : Spring Data Redis - Could not safely identify store assignment for repository candidate interface tz.elmkusoma.teacher.repository.TeacherQualificationRepository; If you want this repository to be a Redis repository, consider annotating your entities with one of these annotations: org.springframework.data.redis.core.RedisHash (preferred), or consider extending one of the following types with your repository: org.springframework.data.keyvalue.repository.KeyValueRepository
2026-09-09T11:11:33.328-06:00  INFO 2264 --- [elmkusoma-core] [           main] .RepositoryConfigurationExtensionSupport : Spring Data Redis - Could not safely identify store assignment for repository candidate interface tz.elmkusoma.teacher.repository.TeacherRepository; If you want this repository to be a Redis repository, consider annotating your entities with one of these annotations: org.springframework.data.redis.core.RedisHash (preferred), or consider extending one of the following types with your repository: org.springframework.data.keyvalue.repository.KeyValueRepository
2026-09-09T11:11:33.328-06:00  INFO 2264 --- [elmkusoma-core] [           main] .s.d.r.c.RepositoryConfigurationDelegate : Finished Spring Data repository scanning in 108 ms. Found 0 Redis repository interfaces.
2026-09-09T11:11:36.559-06:00  INFO 2264 --- [elmkusoma-core] [           main] o.s.b.w.embedded.tomcat.TomcatWebServer  : Tomcat initialized with port 8080 (http)
2026-09-09T11:11:36.606-06:00  INFO 2264 --- [elmkusoma-core] [           main] o.apache.catalina.core.StandardService   : Starting service [Tomcat]
2026-09-09T11:11:36.622-06:00  INFO 2264 --- [elmkusoma-core] [           main] o.apache.catalina.core.StandardEngine    : Starting Servlet engine: [Apache Tomcat/10.1.34]
2026-09-09T11:11:36.887-06:00  INFO 2264 --- [elmkusoma-core] [           main] o.a.c.c.C.[Tomcat].[localhost].[/]       : Initializing Spring embedded WebApplicationContext
2026-09-09T11:11:36.903-06:00  INFO 2264 --- [elmkusoma-core] [           main] w.s.c.ServletWebServerApplicationContext : Root WebApplicationContext: initialization completed in 7346 ms
2026-09-09T11:11:38.220-06:00  INFO 2264 --- [elmkusoma-core] [           main] o.hibernate.jpa.internal.util.LogHelper  : HHH000204: Processing PersistenceUnitInfo [name: default]
2026-09-09T11:11:38.447-06:00  INFO 2264 --- [elmkusoma-core] [           main] org.hibernate.Version                    : HHH000412: Hibernate ORM core version 6.6.4.Final
2026-09-09T11:11:38.538-06:00  INFO 2264 --- [elmkusoma-core] [           main] o.h.c.internal.RegionFactoryInitiator    : HHH000026: Second-level cache disabled
2026-09-09T11:11:39.424-06:00  INFO 2264 --- [elmkusoma-core] [           main] o.s.o.j.p.SpringPersistenceUnitInfo      : No LoadTimeWeaver setup: ignoring JPA class transformer
2026-09-09T11:11:39.580-06:00  INFO 2264 --- [elmkusoma-core] [           main] com.zaxxer.hikari.HikariDataSource       : HikariPool-1 - Starting...
2026-09-09T11:11:41.192-06:00  WARN 2264 --- [elmkusoma-core] [           main] o.h.engine.jdbc.spi.SqlExceptionHelper   : SQL Error: 0, SQLState: 28P01
2026-09-09T11:11:41.192-06:00 ERROR 2264 --- [elmkusoma-core] [           main] o.h.engine.jdbc.spi.SqlExceptionHelper   : FATAL: password authentication failed for user "tally"
2026-09-09T11:11:41.192-06:00  WARN 2264 --- [elmkusoma-core] [           main] o.h.e.j.e.i.JdbcEnvironmentInitiator     : HHH000342: Could not obtain connection to query metadata

org.hibernate.exception.GenericJDBCException: unable to obtain isolated JDBC connection [FATAL: password authentication failed for user "tally"] [n/a]
	at org.hibernate.exception.internal.StandardSQLExceptionConverter.convert(StandardSQLExceptionConverter.java:63) ~[hibernate-core-6.6.4.Final.jar:6.6.4.Final]
	at org.hibernate.engine.jdbc.spi.SqlExceptionHelper.convert(SqlExceptionHelper.java:108) ~[hibernate-core-6.6.4.Final.jar:6.6.4.Final]
	at org.hibernate.engine.jdbc.spi.SqlExceptionHelper.convert(SqlExceptionHelper.java:94) ~[hibernate-core-6.6.4.Final.jar:6.6.4.Final]
	at org.hibernate.resource.transaction.backend.jdbc.internal.JdbcIsolationDelegate.delegateWork(JdbcIsolationDelegate.java:116) ~[hibernate-core-6.6.4.Final.jar:6.6.4.Final]
	at org.hibernate.engine.jdbc.env.internal.JdbcEnvironmentInitiator.getJdbcEnvironmentUsingJdbcMetadata(JdbcEnvironmentInitiator.java:320) ~[hibernate-core-6.6.4.Final.jar:6.6.4.Final]
	at org.hibernate.engine.jdbc.env.internal.JdbcEnvironmentInitiator.initiateService(JdbcEnvironmentInitiator.java:129) ~[hibernate-core-6.6.4.Final.jar:6.6.4.Final]
	at org.hibernate.engine.jdbc.env.internal.JdbcEnvironmentInitiator.initiateService(JdbcEnvironmentInitiator.java:81) ~[hibernate-core-6.6.4.Final.jar:6.6.4.Final]
	at org.hibernate.boot.registry.internal.StandardServiceRegistryImpl.initiateService(StandardServiceRegistryImpl.java:130) ~[hibernate-core-6.6.4.Final.jar:6.6.4.Final]
	at org.hibernate.service.internal.AbstractServiceRegistryImpl.createService(AbstractServiceRegistryImpl.java:263) ~[hibernate-core-6.6.4.Final.jar:6.6.4.Final]
	at org.hibernate.service.internal.AbstractServiceRegistryImpl.initializeService(AbstractServiceRegistryImpl.java:238) ~[hibernate-core-6.6.4.Final.jar:6.6.4.Final]
	at org.hibernate.service.internal.AbstractServiceRegistryImpl.getService(AbstractServiceRegistryImpl.java:215) ~[hibernate-core-6.6.4.Final.jar:6.6.4.Final]
	at org.hibernate.boot.model.relational.Database.<init>(Database.java:45) ~[hibernate-core-6.6.4.Final.jar:6.6.4.Final]
	at org.hibernate.boot.internal.InFlightMetadataCollectorImpl.getDatabase(InFlightMetadataCollectorImpl.java:226) ~[hibernate-core-6.6.4.Final.jar:6.6.4.Final]
	at org.hibernate.boot.internal.InFlightMetadataCollectorImpl.<init>(InFlightMetadataCollectorImpl.java:194) ~[hibernate-core-6.6.4.Final.jar:6.6.4.Final]
	at org.hibernate.boot.model.process.spi.MetadataBuildingProcess.complete(MetadataBuildingProcess.java:171) ~[hibernate-core-6.6.4.Final.jar:6.6.4.Final]
	at org.hibernate.jpa.boot.internal.EntityManagerFactoryBuilderImpl.metadata(EntityManagerFactoryBuilderImpl.java:1431) ~[hibernate-core-6.6.4.Final.jar:6.6.4.Final]
	at org.hibernate.jpa.boot.internal.EntityManagerFactoryBuilderImpl.build(EntityManagerFactoryBuilderImpl.java:1502) ~[hibernate-core-6.6.4.Final.jar:6.6.4.Final]
	at org.springframework.orm.jpa.vendor.SpringHibernateJpaPersistenceProvider.createContainerEntityManagerFactory(SpringHibernateJpaPersistenceProvider.java:66) ~[spring-orm-6.2.1.jar:6.2.1]
	at org.springframework.orm.jpa.LocalContainerEntityManagerFactoryBean.createNativeEntityManagerFactory(LocalContainerEntityManagerFactoryBean.java:390) ~[spring-orm-6.2.1.jar:6.2.1]
	at org.springframework.orm.jpa.AbstractEntityManagerFactoryBean.buildNativeEntityManagerFactory(AbstractEntityManagerFactoryBean.java:419) ~[spring-orm-6.2.1.jar:6.2.1]
	at org.springframework.orm.jpa.AbstractEntityManagerFactoryBean.afterPropertiesSet(AbstractEntityManagerFactoryBean.java:400) ~[spring-orm-6.2.1.jar:6.2.1]
	at org.springframework.orm.jpa.LocalContainerEntityManagerFactoryBean.afterPropertiesSet(LocalContainerEntityManagerFactoryBean.java:366) ~[spring-orm-6.2.1.jar:6.2.1]
	at org.springframework.beans.factory.support.AbstractAutowireCapableBeanFactory.invokeInitMethods(AbstractAutowireCapableBeanFactory.java:1855) ~[spring-beans-6.2.1.jar:6.2.1]
	at org.springframework.beans.factory.support.AbstractAutowireCapableBeanFactory.initializeBean(AbstractAutowireCapableBeanFactory.java:1804) ~[spring-beans-6.2.1.jar:6.2.1]
	at org.springframework.beans.factory.support.AbstractAutowireCapableBeanFactory.doCreateBean(AbstractAutowireCapableBeanFactory.java:601) ~[spring-beans-6.2.1.jar:6.2.1]
	at org.springframework.beans.factory.support.AbstractAutowireCapableBeanFactory.createBean(AbstractAutowireCapableBeanFactory.java:523) ~[spring-beans-6.2.1.jar:6.2.1]
	at org.springframework.beans.factory.support.AbstractBeanFactory.lambda$doGetBean$0(AbstractBeanFactory.java:336) ~[spring-beans-6.2.1.jar:6.2.1]
	at org.springframework.beans.factory.support.DefaultSingletonBeanRegistry.getSingleton(DefaultSingletonBeanRegistry.java:289) ~[spring-beans-6.2.1.jar:6.2.1]
	at org.springframework.beans.factory.support.AbstractBeanFactory.doGetBean(AbstractBeanFactory.java:334) ~[spring-beans-6.2.1.jar:6.2.1]
	at org.springframework.beans.factory.support.AbstractBeanFactory.getBean(AbstractBeanFactory.java:199) ~[spring-beans-6.2.1.jar:6.2.1]
	at org.springframework.beans.factory.support.BeanDefinitionValueResolver.resolveReference(BeanDefinitionValueResolver.java:365) ~[spring-beans-6.2.1.jar:6.2.1]
	at org.springframework.beans.factory.support.BeanDefinitionValueResolver.resolveValueIfNecessary(BeanDefinitionValueResolver.java:135) ~[spring-beans-6.2.1.jar:6.2.1]
	at org.springframework.beans.factory.support.ConstructorResolver.resolveConstructorArguments(ConstructorResolver.java:691) ~[spring-beans-6.2.1.jar:6.2.1]
	at org.springframework.beans.factory.support.ConstructorResolver.instantiateUsingFactoryMethod(ConstructorResolver.java:513) ~[spring-beans-6.2.1.jar:6.2.1]
	at org.springframework.beans.factory.support.AbstractAutowireCapableBeanFactory.instantiateUsingFactoryMethod(AbstractAutowireCapableBeanFactory.java:1357) ~[spring-beans-6.2.1.jar:6.2.1]
	at org.springframework.beans.factory.support.AbstractAutowireCapableBeanFactory.createBeanInstance(AbstractAutowireCapableBeanFactory.java:1187) ~[spring-beans-6.2.1.jar:6.2.1]
	at org.springframework.beans.factory.support.AbstractAutowireCapableBeanFactory.doCreateBean(AbstractAutowireCapableBeanFactory.java:563) ~[spring-beans-6.2.1.jar:6.2.1]
	at org.springframework.beans.factory.support.AbstractAutowireCapableBeanFactory.createBean(AbstractAutowireCapableBeanFactory.java:523) ~[spring-beans-6.2.1.jar:6.2.1]
	at org.springframework.beans.factory.support.AbstractBeanFactory.lambda$doGetBean$0(AbstractBeanFactory.java:336) ~[spring-beans-6.2.1.jar:6.2.1]
	at org.springframework.beans.factory.support.DefaultSingletonBeanRegistry.getSingleton(DefaultSingletonBeanRegistry.java:289) ~[spring-beans-6.2.1.jar:6.2.1]
	at org.springframework.beans.factory.support.AbstractBeanFactory.doGetBean(AbstractBeanFactory.java:334) ~[spring-beans-6.2.1.jar:6.2.1]
	at org.springframework.beans.factory.support.AbstractBeanFactory.getBean(AbstractBeanFactory.java:199) ~[spring-beans-6.2.1.jar:6.2.1]
	at org.springframework.beans.factory.support.BeanDefinitionValueResolver.resolveReference(BeanDefinitionValueResolver.java:365) ~[spring-beans-6.2.1.jar:6.2.1]
	at org.springframework.beans.factory.support.BeanDefinitionValueResolver.resolveValueIfNecessary(BeanDefinitionValueResolver.java:135) ~[spring-beans-6.2.1.jar:6.2.1]
	at org.springframework.beans.factory.support.AbstractAutowireCapableBeanFactory.applyPropertyValues(AbstractAutowireCapableBeanFactory.java:1707) ~[spring-beans-6.2.1.jar:6.2.1]
	at org.springframework.beans.factory.support.AbstractAutowireCapableBeanFactory.populateBean(AbstractAutowireCapableBeanFactory.java:1456) ~[spring-beans-6.2.1.jar:6.2.1]
	at org.springframework.beans.factory.support.AbstractAutowireCapableBeanFactory.doCreateBean(AbstractAutowireCapableBeanFactory.java:600) ~[spring-beans-6.2.1.jar:6.2.1]
	at org.springframework.beans.factory.support.AbstractAutowireCapableBeanFactory.createBean(AbstractAutowireCapableBeanFactory.java:523) ~[spring-beans-6.2.1.jar:6.2.1]
	at org.springframework.beans.factory.support.AbstractBeanFactory.lambda$doGetBean$0(AbstractBeanFactory.java:336) ~[spring-beans-6.2.1.jar:6.2.1]
	at org.springframework.beans.factory.support.DefaultSingletonBeanRegistry.getSingleton(DefaultSingletonBeanRegistry.java:289) ~[spring-beans-6.2.1.jar:6.2.1]
	at org.springframework.beans.factory.support.AbstractBeanFactory.doGetBean(AbstractBeanFactory.java:334) ~[spring-beans-6.2.1.jar:6.2.1]
	at org.springframework.beans.factory.support.AbstractBeanFactory.getBean(AbstractBeanFactory.java:199) ~[spring-beans-6.2.1.jar:6.2.1]
	at org.springframework.beans.factory.support.DefaultListableBeanFactory.doResolveDependency(DefaultListableBeanFactory.java:1573) ~[spring-beans-6.2.1.jar:6.2.1]
	at org.springframework.beans.factory.support.DefaultListableBeanFactory.resolveDependency(DefaultListableBeanFactory.java:1519) ~[spring-beans-6.2.1.jar:6.2.1]
	at org.springframework.beans.factory.support.ConstructorResolver.resolveAutowiredArgument(ConstructorResolver.java:913) ~[spring-beans-6.2.1.jar:6.2.1]
	at org.springframework.beans.factory.support.ConstructorResolver.createArgumentArray(ConstructorResolver.java:791) ~[spring-beans-6.2.1.jar:6.2.1]
	at org.springframework.beans.factory.support.ConstructorResolver.autowireConstructor(ConstructorResolver.java:240) ~[spring-beans-6.2.1.jar:6.2.1]
	at org.springframework.beans.factory.support.AbstractAutowireCapableBeanFactory.autowireConstructor(AbstractAutowireCapableBeanFactory.java:1377) ~[spring-beans-6.2.1.jar:6.2.1]
	at org.springframework.beans.factory.support.AbstractAutowireCapableBeanFactory.createBeanInstance(AbstractAutowireCapableBeanFactory.java:1214) ~[spring-beans-6.2.1.jar:6.2.1]
	at org.springframework.beans.factory.support.AbstractAutowireCapableBeanFactory.doCreateBean(AbstractAutowireCapableBeanFactory.java:563) ~[spring-beans-6.2.1.jar:6.2.1]
	at org.springframework.beans.factory.support.AbstractAutowireCapableBeanFactory.createBean(AbstractAutowireCapableBeanFactory.java:523) ~[spring-beans-6.2.1.jar:6.2.1]
	at org.springframework.beans.factory.support.AbstractBeanFactory.lambda$doGetBean$0(AbstractBeanFactory.java:336) ~[spring-beans-6.2.1.jar:6.2.1]
	at org.springframework.beans.factory.support.DefaultSingletonBeanRegistry.getSingleton(DefaultSingletonBeanRegistry.java:289) ~[spring-beans-6.2.1.jar:6.2.1]
	at org.springframework.beans.factory.support.AbstractBeanFactory.doGetBean(AbstractBeanFactory.java:334) ~[spring-beans-6.2.1.jar:6.2.1]
	at org.springframework.beans.factory.support.AbstractBeanFactory.getBean(AbstractBeanFactory.java:204) ~[spring-beans-6.2.1.jar:6.2.1]
	at org.springframework.boot.web.servlet.ServletContextInitializerBeans.getOrderedBeansOfType(ServletContextInitializerBeans.java:211) ~[spring-boot-3.4.1.jar:3.4.1]
	at org.springframework.boot.web.servlet.ServletContextInitializerBeans.addAsRegistrationBean(ServletContextInitializerBeans.java:174) ~[spring-boot-3.4.1.jar:3.4.1]
	at org.springframework.boot.web.servlet.ServletContextInitializerBeans.addAsRegistrationBean(ServletContextInitializerBeans.java:169) ~[spring-boot-3.4.1.jar:3.4.1]
	at org.springframework.boot.web.servlet.ServletContextInitializerBeans.addAdaptableBeans(ServletContextInitializerBeans.java:154) ~[spring-boot-3.4.1.jar:3.4.1]
	at org.springframework.boot.web.servlet.ServletContextInitializerBeans.<init>(ServletContextInitializerBeans.java:87) ~[spring-boot-3.4.1.jar:3.4.1]
	at org.springframework.boot.web.servlet.context.ServletWebServerApplicationContext.getServletContextInitializerBeans(ServletWebServerApplicationContext.java:266) ~[spring-boot-3.4.1.jar:3.4.1]
	at org.springframework.boot.web.servlet.context.ServletWebServerApplicationContext.selfInitialize(ServletWebServerApplicationContext.java:240) ~[spring-boot-3.4.1.jar:3.4.1]
	at org.springframework.boot.web.embedded.tomcat.TomcatStarter.onStartup(TomcatStarter.java:52) ~[spring-boot-3.4.1.jar:3.4.1]
	at org.apache.catalina.core.StandardContext.startInternal(StandardContext.java:4426) ~[tomcat-embed-core-10.1.34.jar:10.1.34]
	at org.apache.catalina.util.LifecycleBase.start(LifecycleBase.java:164) ~[tomcat-embed-core-10.1.34.jar:10.1.34]
	at org.apache.catalina.core.ContainerBase$StartChild.call(ContainerBase.java:1203) ~[tomcat-embed-core-10.1.34.jar:10.1.34]
	at org.apache.catalina.core.ContainerBase$StartChild.call(ContainerBase.java:1193) ~[tomcat-embed-core-10.1.34.jar:10.1.34]
	at java.base/java.util.concurrent.FutureTask.run(FutureTask.java:264) ~[na:na]
	at org.apache.tomcat.util.threads.InlineExecutorService.execute(InlineExecutorService.java:75) ~[tomcat-embed-core-10.1.34.jar:10.1.34]
	at java.base/java.util.concurrent.AbstractExecutorService.submit(AbstractExecutorService.java:145) ~[na:na]
	at org.apache.catalina.core.ContainerBase.startInternal(ContainerBase.java:749) ~[tomcat-embed-core-10.1.34.jar:10.1.34]
	at org.apache.catalina.core.StandardHost.startInternal(StandardHost.java:772) ~[tomcat-embed-core-10.1.34.jar:10.1.34]
	at org.apache.catalina.util.LifecycleBase.start(LifecycleBase.java:164) ~[tomcat-embed-core-10.1.34.jar:10.1.34]
	at org.apache.catalina.core.ContainerBase$StartChild.call(ContainerBase.java:1203) ~[tomcat-embed-core-10.1.34.jar:10.1.34]
	at org.apache.catalina.core.ContainerBase$StartChild.call(ContainerBase.java:1193) ~[tomcat-embed-core-10.1.34.jar:10.1.34]
	at java.base/java.util.concurrent.FutureTask.run(FutureTask.java:264) ~[na:na]
	at org.apache.tomcat.util.threads.InlineExecutorService.execute(InlineExecutorService.java:75) ~[tomcat-embed-core-10.1.34.jar:10.1.34]
	at java.base/java.util.concurrent.AbstractExecutorService.submit(AbstractExecutorService.java:145) ~[na:na]
	at org.apache.catalina.core.ContainerBase.startInternal(ContainerBase.java:749) ~[tomcat-embed-core-10.1.34.jar:10.1.34]
	at org.apache.catalina.core.StandardEngine.startInternal(StandardEngine.java:203) ~[tomcat-embed-core-10.1.34.jar:10.1.34]
	at org.apache.catalina.util.LifecycleBase.start(LifecycleBase.java:164) ~[tomcat-embed-core-10.1.34.jar:10.1.34]
	at org.apache.catalina.core.StandardService.startInternal(StandardService.java:415) ~[tomcat-embed-core-10.1.34.jar:10.1.34]
	at org.apache.catalina.util.LifecycleBase.start(LifecycleBase.java:164) ~[tomcat-embed-core-10.1.34.jar:10.1.34]
	at org.apache.catalina.core.StandardServer.startInternal(StandardServer.java:870) ~[tomcat-embed-core-10.1.34.jar:10.1.34]
	at org.apache.catalina.util.LifecycleBase.start(LifecycleBase.java:164) ~[tomcat-embed-core-10.1.34.jar:10.1.34]
	at org.apache.catalina.startup.Tomcat.start(Tomcat.java:437) ~[tomcat-embed-core-10.1.34.jar:10.1.34]
	at org.springframework.boot.web.embedded.tomcat.TomcatWebServer.initialize(TomcatWebServer.java:128) ~[spring-boot-3.4.1.jar:3.4.1]
	at org.springframework.boot.web.embedded.tomcat.TomcatWebServer.<init>(TomcatWebServer.java:107) ~[spring-boot-3.4.1.jar:3.4.1]
	at org.springframework.boot.web.embedded.tomcat.TomcatServletWebServerFactory.getTomcatWebServer(TomcatServletWebServerFactory.java:516) ~[spring-boot-3.4.1.jar:3.4.1]
	at org.springframework.boot.web.embedded.tomcat.TomcatServletWebServerFactory.getWebServer(TomcatServletWebServerFactory.java:222) ~[spring-boot-3.4.1.jar:3.4.1]
	at org.springframework.boot.web.servlet.context.ServletWebServerApplicationContext.createWebServer(ServletWebServerApplicationContext.java:188) ~[spring-boot-3.4.1.jar:3.4.1]
	at org.springframework.boot.web.servlet.context.ServletWebServerApplicationContext.onRefresh(ServletWebServerApplicationContext.java:162) ~[spring-boot-3.4.1.jar:3.4.1]
	at org.springframework.context.support.AbstractApplicationContext.refresh(AbstractApplicationContext.java:621) ~[spring-context-6.2.1.jar:6.2.1]
	at org.springframework.boot.web.servlet.context.ServletWebServerApplicationContext.refresh(ServletWebServerApplicationContext.java:146) ~[spring-boot-3.4.1.jar:3.4.1]
	at org.springframework.boot.SpringApplication.refresh(SpringApplication.java:752) ~[spring-boot-3.4.1.jar:3.4.1]
	at org.springframework.boot.SpringApplication.refreshContext(SpringApplication.java:439) ~[spring-boot-3.4.1.jar:3.4.1]
	at org.springframework.boot.SpringApplication.run(SpringApplication.java:318) ~[spring-boot-3.4.1.jar:3.4.1]
	at org.springframework.boot.SpringApplication.run(SpringApplication.java:1361) ~[spring-boot-3.4.1.jar:3.4.1]
	at org.springframework.boot.SpringApplication.run(SpringApplication.java:1350) ~[spring-boot-3.4.1.jar:3.4.1]
	at tz.elmkusoma.ElmkusomaCoreApplication.main(ElmkusomaCoreApplication.java:12) ~[classes/:na]
Caused by: org.postgresql.util.PSQLException: FATAL: password authentication failed for user "tally"
	at org.postgresql.core.v3.ConnectionFactoryImpl.doAuthentication(ConnectionFactoryImpl.java:711) ~[postgresql-42.7.4.jar:42.7.4]
	at org.postgresql.core.v3.ConnectionFactoryImpl.tryConnect(ConnectionFactoryImpl.java:213) ~[postgresql-42.7.4.jar:42.7.4]
	at org.postgresql.core.v3.ConnectionFactoryImpl.openConnectionImpl(ConnectionFactoryImpl.java:268) ~[postgresql-42.7.4.jar:42.7.4]
	at org.postgresql.core.ConnectionFactory.openConnection(ConnectionFactory.java:54) ~[postgresql-42.7.4.jar:42.7.4]
	at org.postgresql.jdbc.PgConnection.<init>(PgConnection.java:273) ~[postgresql-42.7.4.jar:42.7.4]
	at org.postgresql.Driver.makeConnection(Driver.java:446) ~[postgresql-42.7.4.jar:42.7.4]
	at org.postgresql.Driver.connect(Driver.java:298) ~[postgresql-42.7.4.jar:42.7.4]
	at com.zaxxer.hikari.util.DriverDataSource.getConnection(DriverDataSource.java:137) ~[HikariCP-5.1.0.jar:na]
	at com.zaxxer.hikari.pool.PoolBase.newConnection(PoolBase.java:360) ~[HikariCP-5.1.0.jar:na]
	at com.zaxxer.hikari.pool.PoolBase.newPoolEntry(PoolBase.java:202) ~[HikariCP-5.1.0.jar:na]
	at com.zaxxer.hikari.pool.HikariPool.createPoolEntry(HikariPool.java:461) ~[HikariCP-5.1.0.jar:na]
	at com.zaxxer.hikari.pool.HikariPool.checkFailFast(HikariPool.java:550) ~[HikariCP-5.1.0.jar:na]
	at com.zaxxer.hikari.pool.HikariPool.<init>(HikariPool.java:98) ~[HikariCP-5.1.0.jar:na]
	at com.zaxxer.hikari.HikariDataSource.getConnection(HikariDataSource.java:111) ~[HikariCP-5.1.0.jar:na]
	at org.hibernate.engine.jdbc.connections.internal.DatasourceConnectionProviderImpl.getConnection(DatasourceConnectionProviderImpl.java:126) ~[hibernate-core-6.6.4.Final.jar:6.6.4.Final]
	at org.hibernate.engine.jdbc.env.internal.JdbcEnvironmentInitiator$ConnectionProviderJdbcConnectionAccess.obtainConnection(JdbcEnvironmentInitiator.java:467) ~[hibernate-core-6.6.4.Final.jar:6.6.4.Final]
	at org.hibernate.resource.transaction.backend.jdbc.internal.JdbcIsolationDelegate.delegateWork(JdbcIsolationDelegate.java:61) ~[hibernate-core-6.6.4.Final.jar:6.6.4.Final]
	... 106 common frames omitted

2026-09-09T11:11:41.283-06:00  WARN 2264 --- [elmkusoma-core] [           main] org.hibernate.orm.deprecation            : HHH90000025: PostgreSQLDialect does not need to be specified explicitly using 'hibernate.dialect' (remove the property setting and it will be selected by default)
2026-09-09T11:11:41.486-06:00  INFO 2264 --- [elmkusoma-core] [           main] org.hibernate.orm.connections.pooling    : HHH10001005: Database info:
	Database JDBC URL [Connecting through datasource 'HikariDataSource (null)']
	Database driver: undefined/unknown
	Database version: 12.0
	Autocommit mode: undefined/unknown
	Isolation level: undefined/unknown
	Minimum pool size: undefined/unknown
	Maximum pool size: undefined/unknown
2026-09-09T11:11:58.395-06:00  INFO 2264 --- [elmkusoma-core] [           main] o.h.e.t.j.p.i.JtaPlatformInitiator       : HHH000489: No JTA platform available (set 'hibernate.transaction.jta.platform' to enable JTA platform integration)
2026-09-09T11:11:58.475-06:00  INFO 2264 --- [elmkusoma-core] [           main] com.zaxxer.hikari.HikariDataSource       : HikariPool-1 - Starting...
2026-09-09T11:11:59.648-06:00  WARN 2264 --- [elmkusoma-core] [           main] o.h.engine.jdbc.spi.SqlExceptionHelper   : SQL Error: 0, SQLState: 28P01
2026-09-09T11:11:59.648-06:00 ERROR 2264 --- [elmkusoma-core] [           main] o.h.engine.jdbc.spi.SqlExceptionHelper   : FATAL: password authentication failed for user "tally"
2026-09-09T11:11:59.663-06:00 ERROR 2264 --- [elmkusoma-core] [           main] j.LocalContainerEntityManagerFactoryBean : Failed to initialize JPA EntityManagerFactory: [PersistenceUnit: default] Unable to build Hibernate SessionFactory; nested exception is org.hibernate.exception.GenericJDBCException: Unable to open JDBC Connection for DDL execution [FATAL: password authentication failed for user "tally"] [n/a]
2026-09-09T11:11:59.679-06:00 ERROR 2264 --- [elmkusoma-core] [           main] o.s.b.web.embedded.tomcat.TomcatStarter  : Error starting Tomcat context. Exception: org.springframework.beans.factory.UnsatisfiedDependencyException. Message: Error creating bean with name 'jwtRequestAttributeFilter' defined in file [C:\Users\dell\Desktop\elmkusoma\backend\elmkusoma-core\target\classes\tz\elmkusoma\config\security\JwtRequestAttributeFilter.class]: Unsatisfied dependency expressed through constructor parameter 1: Error creating bean with name 'userRepository' defined in tz.elmkusoma.shared.repository.UserRepository defined in @EnableJpaRepositories declared on JpaRepositoriesRegistrar.EnableJpaRepositoriesConfiguration: Cannot resolve reference to bean 'jpaSharedEM_entityManagerFactory' while setting bean property 'entityManager'
2026-09-09T11:11:59.805-06:00  INFO 2264 --- [elmkusoma-core] [           main] o.apache.catalina.core.StandardService   : Stopping service [Tomcat]
2026-09-09T11:11:59.820-06:00  WARN 2264 --- [elmkusoma-core] [           main] ConfigServletWebServerApplicationContext : Exception encountered during context initialization - cancelling refresh attempt: org.springframework.context.ApplicationContextException: Unable to start web server
2026-09-09T11:11:59.940-06:00  INFO 2264 --- [elmkusoma-core] [           main] .s.b.a.l.ConditionEvaluationReportLogger : 

Error starting ApplicationContext. To display the condition evaluation report re-run your application with 'debug' enabled.
2026-09-09T11:12:00.019-06:00 ERROR 2264 --- [elmkusoma-core] [           main] o.s.boot.SpringApplication               : Application run failed

org.springframework.context.ApplicationContextException: Unable to start web server
	at org.springframework.boot.web.servlet.context.ServletWebServerApplicationContext.onRefresh(ServletWebServerApplicationContext.java:165) ~[spring-boot-3.4.1.jar:3.4.1]
	at org.springframework.context.support.AbstractApplicationContext.refresh(AbstractApplicationContext.java:621) ~[spring-context-6.2.1.jar:6.2.1]
	at org.springframework.boot.web.servlet.context.ServletWebServerApplicationContext.refresh(ServletWebServerApplicationContext.java:146) ~[spring-boot-3.4.1.jar:3.4.1]
	at org.springframework.boot.SpringApplication.refresh(SpringApplication.java:752) ~[spring-boot-3.4.1.jar:3.4.1]
	at org.springframework.boot.SpringApplication.refreshContext(SpringApplication.java:439) ~[spring-boot-3.4.1.jar:3.4.1]
	at org.springframework.boot.SpringApplication.run(SpringApplication.java:318) ~[spring-boot-3.4.1.jar:3.4.1]
	at org.springframework.boot.SpringApplication.run(SpringApplication.java:1361) ~[spring-boot-3.4.1.jar:3.4.1]
	at org.springframework.boot.SpringApplication.run(SpringApplication.java:1350) ~[spring-boot-3.4.1.jar:3.4.1]
	at tz.elmkusoma.ElmkusomaCoreApplication.main(ElmkusomaCoreApplication.java:12) ~[classes/:na]
Caused by: org.springframework.boot.web.server.WebServerException: Unable to start embedded Tomcat
	at org.springframework.boot.web.embedded.tomcat.TomcatWebServer.initialize(TomcatWebServer.java:147) ~[spring-boot-3.4.1.jar:3.4.1]
	at org.springframework.boot.web.embedded.tomcat.TomcatWebServer.<init>(TomcatWebServer.java:107) ~[spring-boot-3.4.1.jar:3.4.1]
	at org.springframework.boot.web.embedded.tomcat.TomcatServletWebServerFactory.getTomcatWebServer(TomcatServletWebServerFactory.java:516) ~[spring-boot-3.4.1.jar:3.4.1]
	at org.springframework.boot.web.embedded.tomcat.TomcatServletWebServerFactory.getWebServer(TomcatServletWebServerFactory.java:222) ~[spring-boot-3.4.1.jar:3.4.1]
	at org.springframework.boot.web.servlet.context.ServletWebServerApplicationContext.createWebServer(ServletWebServerApplicationContext.java:188) ~[spring-boot-3.4.1.jar:3.4.1]
	at org.springframework.boot.web.servlet.context.ServletWebServerApplicationContext.onRefresh(ServletWebServerApplicationContext.java:162) ~[spring-boot-3.4.1.jar:3.4.1]
	... 8 common frames omitted
Caused by: org.springframework.beans.factory.UnsatisfiedDependencyException: Error creating bean with name 'jwtRequestAttributeFilter' defined in file [C:\Users\dell\Desktop\elmkusoma\backend\elmkusoma-core\target\classes\tz\elmkusoma\config\security\JwtRequestAttributeFilter.class]: Unsatisfied dependency expressed through constructor parameter 1: Error creating bean with name 'userRepository' defined in tz.elmkusoma.shared.repository.UserRepository defined in @EnableJpaRepositories declared on JpaRepositoriesRegistrar.EnableJpaRepositoriesConfiguration: Cannot resolve reference to bean 'jpaSharedEM_entityManagerFactory' while setting bean property 'entityManager'
	at org.springframework.beans.factory.support.ConstructorResolver.createArgumentArray(ConstructorResolver.java:804) ~[spring-beans-6.2.1.jar:6.2.1]
	at org.springframework.beans.factory.support.ConstructorResolver.autowireConstructor(ConstructorResolver.java:240) ~[spring-beans-6.2.1.jar:6.2.1]
	at org.springframework.beans.factory.support.AbstractAutowireCapableBeanFactory.autowireConstructor(AbstractAutowireCapableBeanFactory.java:1377) ~[spring-beans-6.2.1.jar:6.2.1]
	at org.springframework.beans.factory.support.AbstractAutowireCapableBeanFactory.createBeanInstance(AbstractAutowireCapableBeanFactory.java:1214) ~[spring-beans-6.2.1.jar:6.2.1]
	at org.springframework.beans.factory.support.AbstractAutowireCapableBeanFactory.doCreateBean(AbstractAutowireCapableBeanFactory.java:563) ~[spring-beans-6.2.1.jar:6.2.1]
	at org.springframework.beans.factory.support.AbstractAutowireCapableBeanFactory.createBean(AbstractAutowireCapableBeanFactory.java:523) ~[spring-beans-6.2.1.jar:6.2.1]
	at org.springframework.beans.factory.support.AbstractBeanFactory.lambda$doGetBean$0(AbstractBeanFactory.java:336) ~[spring-beans-6.2.1.jar:6.2.1]
	at org.springframework.beans.factory.support.DefaultSingletonBeanRegistry.getSingleton(DefaultSingletonBeanRegistry.java:289) ~[spring-beans-6.2.1.jar:6.2.1]
	at org.springframework.beans.factory.support.AbstractBeanFactory.doGetBean(AbstractBeanFactory.java:334) ~[spring-beans-6.2.1.jar:6.2.1]
	at org.springframework.beans.factory.support.AbstractBeanFactory.getBean(AbstractBeanFactory.java:204) ~[spring-beans-6.2.1.jar:6.2.1]
	at org.springframework.boot.web.servlet.ServletContextInitializerBeans.getOrderedBeansOfType(ServletContextInitializerBeans.java:211) ~[spring-boot-3.4.1.jar:3.4.1]
	at org.springframework.boot.web.servlet.ServletContextInitializerBeans.addAsRegistrationBean(ServletContextInitializerBeans.java:174) ~[spring-boot-3.4.1.jar:3.4.1]
	at org.springframework.boot.web.servlet.ServletContextInitializerBeans.addAsRegistrationBean(ServletContextInitializerBeans.java:169) ~[spring-boot-3.4.1.jar:3.4.1]
	at org.springframework.boot.web.servlet.ServletContextInitializerBeans.addAdaptableBeans(ServletContextInitializerBeans.java:154) ~[spring-boot-3.4.1.jar:3.4.1]
	at org.springframework.boot.web.servlet.ServletContextInitializerBeans.<init>(ServletContextInitializerBeans.java:87) ~[spring-boot-3.4.1.jar:3.4.1]
	at org.springframework.boot.web.servlet.context.ServletWebServerApplicationContext.getServletContextInitializerBeans(ServletWebServerApplicationContext.java:266) ~[spring-boot-3.4.1.jar:3.4.1]
	at org.springframework.boot.web.servlet.context.ServletWebServerApplicationContext.selfInitialize(ServletWebServerApplicationContext.java:240) ~[spring-boot-3.4.1.jar:3.4.1]
	at org.springframework.boot.web.embedded.tomcat.TomcatStarter.onStartup(TomcatStarter.java:52) ~[spring-boot-3.4.1.jar:3.4.1]
	at org.apache.catalina.core.StandardContext.startInternal(StandardContext.java:4426) ~[tomcat-embed-core-10.1.34.jar:10.1.34]
	at org.apache.catalina.util.LifecycleBase.start(LifecycleBase.java:164) ~[tomcat-embed-core-10.1.34.jar:10.1.34]
	at org.apache.catalina.core.ContainerBase$StartChild.call(ContainerBase.java:1203) ~[tomcat-embed-core-10.1.34.jar:10.1.34]
	at org.apache.catalina.core.ContainerBase$StartChild.call(ContainerBase.java:1193) ~[tomcat-embed-core-10.1.34.jar:10.1.34]
	at java.base/java.util.concurrent.FutureTask.run(FutureTask.java:264) ~[na:na]
	at org.apache.tomcat.util.threads.InlineExecutorService.execute(InlineExecutorService.java:75) ~[tomcat-embed-core-10.1.34.jar:10.1.34]
	at java.base/java.util.concurrent.AbstractExecutorService.submit(AbstractExecutorService.java:145) ~[na:na]
	at org.apache.catalina.core.ContainerBase.startInternal(ContainerBase.java:749) ~[tomcat-embed-core-10.1.34.jar:10.1.34]
	at org.apache.catalina.core.StandardHost.startInternal(StandardHost.java:772) ~[tomcat-embed-core-10.1.34.jar:10.1.34]
	at org.apache.catalina.util.LifecycleBase.start(LifecycleBase.java:164) ~[tomcat-embed-core-10.1.34.jar:10.1.34]
	at org.apache.catalina.core.ContainerBase$StartChild.call(ContainerBase.java:1203) ~[tomcat-embed-core-10.1.34.jar:10.1.34]
	at org.apache.catalina.core.ContainerBase$StartChild.call(ContainerBase.java:1193) ~[tomcat-embed-core-10.1.34.jar:10.1.34]
	at java.base/java.util.concurrent.FutureTask.run(FutureTask.java:264) ~[na:na]
	at org.apache.tomcat.util.threads.InlineExecutorService.execute(InlineExecutorService.java:75) ~[tomcat-embed-core-10.1.34.jar:10.1.34]
	at java.base/java.util.concurrent.AbstractExecutorService.submit(AbstractExecutorService.java:145) ~[na:na]
	at org.apache.catalina.core.ContainerBase.startInternal(ContainerBase.java:749) ~[tomcat-embed-core-10.1.34.jar:10.1.34]
	at org.apache.catalina.core.StandardEngine.startInternal(StandardEngine.java:203) ~[tomcat-embed-core-10.1.34.jar:10.1.34]
	at org.apache.catalina.util.LifecycleBase.start(LifecycleBase.java:164) ~[tomcat-embed-core-10.1.34.jar:10.1.34]
	at org.apache.catalina.core.StandardService.startInternal(StandardService.java:415) ~[tomcat-embed-core-10.1.34.jar:10.1.34]
	at org.apache.catalina.util.LifecycleBase.start(LifecycleBase.java:164) ~[tomcat-embed-core-10.1.34.jar:10.1.34]
	at org.apache.catalina.core.StandardServer.startInternal(StandardServer.java:870) ~[tomcat-embed-core-10.1.34.jar:10.1.34]
	at org.apache.catalina.util.LifecycleBase.start(LifecycleBase.java:164) ~[tomcat-embed-core-10.1.34.jar:10.1.34]
	at org.apache.catalina.startup.Tomcat.start(Tomcat.java:437) ~[tomcat-embed-core-10.1.34.jar:10.1.34]
	at org.springframework.boot.web.embedded.tomcat.TomcatWebServer.initialize(TomcatWebServer.java:128) ~[spring-boot-3.4.1.jar:3.4.1]
	... 13 common frames omitted
Caused by: org.springframework.beans.factory.BeanCreationException: Error creating bean with name 'userRepository' defined in tz.elmkusoma.shared.repository.UserRepository defined in @EnableJpaRepositories declared on JpaRepositoriesRegistrar.EnableJpaRepositoriesConfiguration: Cannot resolve reference to bean 'jpaSharedEM_entityManagerFactory' while setting bean property 'entityManager'
	at org.springframework.beans.factory.support.BeanDefinitionValueResolver.resolveReference(BeanDefinitionValueResolver.java:377) ~[spring-beans-6.2.1.jar:6.2.1]
	at org.springframework.beans.factory.support.BeanDefinitionValueResolver.resolveValueIfNecessary(BeanDefinitionValueResolver.java:135) ~[spring-beans-6.2.1.jar:6.2.1]
	at org.springframework.beans.factory.support.AbstractAutowireCapableBeanFactory.applyPropertyValues(AbstractAutowireCapableBeanFactory.java:1707) ~[spring-beans-6.2.1.jar:6.2.1]
	at org.springframework.beans.factory.support.AbstractAutowireCapableBeanFactory.populateBean(AbstractAutowireCapableBeanFactory.java:1456) ~[spring-beans-6.2.1.jar:6.2.1]
	at org.springframework.beans.factory.support.AbstractAutowireCapableBeanFactory.doCreateBean(AbstractAutowireCapableBeanFactory.java:600) ~[spring-beans-6.2.1.jar:6.2.1]
	at org.springframework.beans.factory.support.AbstractAutowireCapableBeanFactory.createBean(AbstractAutowireCapableBeanFactory.java:523) ~[spring-beans-6.2.1.jar:6.2.1]
	at org.springframework.beans.factory.support.AbstractBeanFactory.lambda$doGetBean$0(AbstractBeanFactory.java:336) ~[spring-beans-6.2.1.jar:6.2.1]
	at org.springframework.beans.factory.support.DefaultSingletonBeanRegistry.getSingleton(DefaultSingletonBeanRegistry.java:289) ~[spring-beans-6.2.1.jar:6.2.1]
	at org.springframework.beans.factory.support.AbstractBeanFactory.doGetBean(AbstractBeanFactory.java:334) ~[spring-beans-6.2.1.jar:6.2.1]
	at org.springframework.beans.factory.support.AbstractBeanFactory.getBean(AbstractBeanFactory.java:199) ~[spring-beans-6.2.1.jar:6.2.1]
	at org.springframework.beans.factory.support.DefaultListableBeanFactory.doResolveDependency(DefaultListableBeanFactory.java:1573) ~[spring-beans-6.2.1.jar:6.2.1]
	at org.springframework.beans.factory.support.DefaultListableBeanFactory.resolveDependency(DefaultListableBeanFactory.java:1519) ~[spring-beans-6.2.1.jar:6.2.1]
	at org.springframework.beans.factory.support.ConstructorResolver.resolveAutowiredArgument(ConstructorResolver.java:913) ~[spring-beans-6.2.1.jar:6.2.1]
	at org.springframework.beans.factory.support.ConstructorResolver.createArgumentArray(ConstructorResolver.java:791) ~[spring-beans-6.2.1.jar:6.2.1]
	... 54 common frames omitted
Caused by: org.springframework.beans.factory.BeanCreationException: Error creating bean with name 'jpaSharedEM_entityManagerFactory': Cannot resolve reference to bean 'entityManagerFactory' while setting constructor argument
	at org.springframework.beans.factory.support.BeanDefinitionValueResolver.resolveReference(BeanDefinitionValueResolver.java:377) ~[spring-beans-6.2.1.jar:6.2.1]
	at org.springframework.beans.factory.support.BeanDefinitionValueResolver.resolveValueIfNecessary(BeanDefinitionValueResolver.java:135) ~[spring-beans-6.2.1.jar:6.2.1]
	at org.springframework.beans.factory.support.ConstructorResolver.resolveConstructorArguments(ConstructorResolver.java:691) ~[spring-beans-6.2.1.jar:6.2.1]
	at org.springframework.beans.factory.support.ConstructorResolver.instantiateUsingFactoryMethod(ConstructorResolver.java:513) ~[spring-beans-6.2.1.jar:6.2.1]
	at org.springframework.beans.factory.support.AbstractAutowireCapableBeanFactory.instantiateUsingFactoryMethod(AbstractAutowireCapableBeanFactory.java:1357) ~[spring-beans-6.2.1.jar:6.2.1]
	at org.springframework.beans.factory.support.AbstractAutowireCapableBeanFactory.createBeanInstance(AbstractAutowireCapableBeanFactory.java:1187) ~[spring-beans-6.2.1.jar:6.2.1]
	at org.springframework.beans.factory.support.AbstractAutowireCapableBeanFactory.doCreateBean(AbstractAutowireCapableBeanFactory.java:563) ~[spring-beans-6.2.1.jar:6.2.1]
	at org.springframework.beans.factory.support.AbstractAutowireCapableBeanFactory.createBean(AbstractAutowireCapableBeanFactory.java:523) ~[spring-beans-6.2.1.jar:6.2.1]
	at org.springframework.beans.factory.support.AbstractBeanFactory.lambda$doGetBean$0(AbstractBeanFactory.java:336) ~[spring-beans-6.2.1.jar:6.2.1]
	at org.springframework.beans.factory.support.DefaultSingletonBeanRegistry.getSingleton(DefaultSingletonBeanRegistry.java:289) ~[spring-beans-6.2.1.jar:6.2.1]
	at org.springframework.beans.factory.support.AbstractBeanFactory.doGetBean(AbstractBeanFactory.java:334) ~[spring-beans-6.2.1.jar:6.2.1]
	at org.springframework.beans.factory.support.AbstractBeanFactory.getBean(AbstractBeanFactory.java:199) ~[spring-beans-6.2.1.jar:6.2.1]
	at org.springframework.beans.factory.support.BeanDefinitionValueResolver.resolveReference(BeanDefinitionValueResolver.java:365) ~[spring-beans-6.2.1.jar:6.2.1]
	... 67 common frames omitted
Caused by: org.springframework.beans.factory.BeanCreationException: Error creating bean with name 'entityManagerFactory' defined in class path resource [org/springframework/boot/autoconfigure/orm/jpa/HibernateJpaConfiguration.class]: [PersistenceUnit: default] Unable to build Hibernate SessionFactory; nested exception is org.hibernate.exception.GenericJDBCException: Unable to open JDBC Connection for DDL execution [FATAL: password authentication failed for user "tally"] [n/a]
	at org.springframework.beans.factory.support.AbstractAutowireCapableBeanFactory.initializeBean(AbstractAutowireCapableBeanFactory.java:1808) ~[spring-beans-6.2.1.jar:6.2.1]
	at org.springframework.beans.factory.support.AbstractAutowireCapableBeanFactory.doCreateBean(AbstractAutowireCapableBeanFactory.java:601) ~[spring-beans-6.2.1.jar:6.2.1]
	at org.springframework.beans.factory.support.AbstractAutowireCapableBeanFactory.createBean(AbstractAutowireCapableBeanFactory.java:523) ~[spring-beans-6.2.1.jar:6.2.1]
	at org.springframework.beans.factory.support.AbstractBeanFactory.lambda$doGetBean$0(AbstractBeanFactory.java:336) ~[spring-beans-6.2.1.jar:6.2.1]
	at org.springframework.beans.factory.support.DefaultSingletonBeanRegistry.getSingleton(DefaultSingletonBeanRegistry.java:289) ~[spring-beans-6.2.1.jar:6.2.1]
	at org.springframework.beans.factory.support.AbstractBeanFactory.doGetBean(AbstractBeanFactory.java:334) ~[spring-beans-6.2.1.jar:6.2.1]
	at org.springframework.beans.factory.support.AbstractBeanFactory.getBean(AbstractBeanFactory.java:199) ~[spring-beans-6.2.1.jar:6.2.1]
	at org.springframework.beans.factory.support.BeanDefinitionValueResolver.resolveReference(BeanDefinitionValueResolver.java:365) ~[spring-beans-6.2.1.jar:6.2.1]
	... 79 common frames omitted
Caused by: jakarta.persistence.PersistenceException: [PersistenceUnit: default] Unable to build Hibernate SessionFactory; nested exception is org.hibernate.exception.GenericJDBCException: Unable to open JDBC Connection for DDL execution [FATAL: password authentication failed for user "tally"] [n/a]
	at org.springframework.orm.jpa.AbstractEntityManagerFactoryBean.buildNativeEntityManagerFactory(AbstractEntityManagerFactoryBean.java:431) ~[spring-orm-6.2.1.jar:6.2.1]
	at org.springframework.orm.jpa.AbstractEntityManagerFactoryBean.afterPropertiesSet(AbstractEntityManagerFactoryBean.java:400) ~[spring-orm-6.2.1.jar:6.2.1]
	at org.springframework.orm.jpa.LocalContainerEntityManagerFactoryBean.afterPropertiesSet(LocalContainerEntityManagerFactoryBean.java:366) ~[spring-orm-6.2.1.jar:6.2.1]
	at org.springframework.beans.factory.support.AbstractAutowireCapableBeanFactory.invokeInitMethods(AbstractAutowireCapableBeanFactory.java:1855) ~[spring-beans-6.2.1.jar:6.2.1]
	at org.springframework.beans.factory.support.AbstractAutowireCapableBeanFactory.initializeBean(AbstractAutowireCapableBeanFactory.java:1804) ~[spring-beans-6.2.1.jar:6.2.1]
	... 86 common frames omitted
Caused by: org.hibernate.exception.GenericJDBCException: Unable to open JDBC Connection for DDL execution [FATAL: password authentication failed for user "tally"] [n/a]
	at org.hibernate.exception.internal.StandardSQLExceptionConverter.convert(StandardSQLExceptionConverter.java:63) ~[hibernate-core-6.6.4.Final.jar:6.6.4.Final]
	at org.hibernate.engine.jdbc.spi.SqlExceptionHelper.convert(SqlExceptionHelper.java:108) ~[hibernate-core-6.6.4.Final.jar:6.6.4.Final]
	at org.hibernate.engine.jdbc.spi.SqlExceptionHelper.convert(SqlExceptionHelper.java:94) ~[hibernate-core-6.6.4.Final.jar:6.6.4.Final]
	at org.hibernate.resource.transaction.backend.jdbc.internal.DdlTransactionIsolatorNonJtaImpl.getIsolatedConnection(DdlTransactionIsolatorNonJtaImpl.java:74) ~[hibernate-core-6.6.4.Final.jar:6.6.4.Final]
	at org.hibernate.resource.transaction.backend.jdbc.internal.DdlTransactionIsolatorNonJtaImpl.getIsolatedConnection(DdlTransactionIsolatorNonJtaImpl.java:39) ~[hibernate-core-6.6.4.Final.jar:6.6.4.Final]
	at org.hibernate.tool.schema.internal.exec.ImprovedExtractionContextImpl.getJdbcConnection(ImprovedExtractionContextImpl.java:63) ~[hibernate-core-6.6.4.Final.jar:6.6.4.Final]
	at org.hibernate.tool.schema.extract.spi.ExtractionContext.getQueryResults(ExtractionContext.java:43) ~[hibernate-core-6.6.4.Final.jar:6.6.4.Final]
	at org.hibernate.tool.schema.extract.internal.SequenceInformationExtractorLegacyImpl.extractMetadata(SequenceInformationExtractorLegacyImpl.java:39) ~[hibernate-core-6.6.4.Final.jar:6.6.4.Final]
	at org.hibernate.tool.schema.extract.internal.DatabaseInformationImpl.initializeSequences(DatabaseInformationImpl.java:66) ~[hibernate-core-6.6.4.Final.jar:6.6.4.Final]
	at org.hibernate.tool.schema.extract.internal.DatabaseInformationImpl.<init>(DatabaseInformationImpl.java:60) ~[hibernate-core-6.6.4.Final.jar:6.6.4.Final]
	at org.hibernate.tool.schema.internal.Helper.buildDatabaseInformation(Helper.java:185) ~[hibernate-core-6.6.4.Final.jar:6.6.4.Final]
	at org.hibernate.tool.schema.internal.AbstractSchemaMigrator.doMigration(AbstractSchemaMigrator.java:93) ~[hibernate-core-6.6.4.Final.jar:6.6.4.Final]
	at org.hibernate.tool.schema.spi.SchemaManagementToolCoordinator.performDatabaseAction(SchemaManagementToolCoordinator.java:280) ~[hibernate-core-6.6.4.Final.jar:6.6.4.Final]
	at org.hibernate.tool.schema.spi.SchemaManagementToolCoordinator.lambda$process$5(SchemaManagementToolCoordinator.java:144) ~[hibernate-core-6.6.4.Final.jar:6.6.4.Final]
	at java.base/java.util.HashMap.forEach(HashMap.java:1421) ~[na:na]
	at org.hibernate.tool.schema.spi.SchemaManagementToolCoordinator.process(SchemaManagementToolCoordinator.java:141) ~[hibernate-core-6.6.4.Final.jar:6.6.4.Final]
	at org.hibernate.boot.internal.SessionFactoryObserverForSchemaExport.sessionFactoryCreated(SessionFactoryObserverForSchemaExport.java:37) ~[hibernate-core-6.6.4.Final.jar:6.6.4.Final]
	at org.hibernate.internal.SessionFactoryObserverChain.sessionFactoryCreated(SessionFactoryObserverChain.java:35) ~[hibernate-core-6.6.4.Final.jar:6.6.4.Final]
	at org.hibernate.internal.SessionFactoryImpl.<init>(SessionFactoryImpl.java:324) ~[hibernate-core-6.6.4.Final.jar:6.6.4.Final]
	at org.hibernate.boot.internal.SessionFactoryBuilderImpl.build(SessionFactoryBuilderImpl.java:463) ~[hibernate-core-6.6.4.Final.jar:6.6.4.Final]
	at org.hibernate.jpa.boot.internal.EntityManagerFactoryBuilderImpl.build(EntityManagerFactoryBuilderImpl.java:1506) ~[hibernate-core-6.6.4.Final.jar:6.6.4.Final]
	at org.springframework.orm.jpa.vendor.SpringHibernateJpaPersistenceProvider.createContainerEntityManagerFactory(SpringHibernateJpaPersistenceProvider.java:66) ~[spring-orm-6.2.1.jar:6.2.1]
	at org.springframework.orm.jpa.LocalContainerEntityManagerFactoryBean.createNativeEntityManagerFactory(LocalContainerEntityManagerFactoryBean.java:390) ~[spring-orm-6.2.1.jar:6.2.1]
	at org.springframework.orm.jpa.AbstractEntityManagerFactoryBean.buildNativeEntityManagerFactory(AbstractEntityManagerFactoryBean.java:419) ~[spring-orm-6.2.1.jar:6.2.1]
	... 90 common frames omitted
Caused by: org.postgresql.util.PSQLException: FATAL: password authentication failed for user "tally"
	at org.postgresql.core.v3.ConnectionFactoryImpl.doAuthentication(ConnectionFactoryImpl.java:711) ~[postgresql-42.7.4.jar:42.7.4]
	at org.postgresql.core.v3.ConnectionFactoryImpl.tryConnect(ConnectionFactoryImpl.java:213) ~[postgresql-42.7.4.jar:42.7.4]
	at org.postgresql.core.v3.ConnectionFactoryImpl.openConnectionImpl(ConnectionFactoryImpl.java:268) ~[postgresql-42.7.4.jar:42.7.4]
	at org.postgresql.core.ConnectionFactory.openConnection(ConnectionFactory.java:54) ~[postgresql-42.7.4.jar:42.7.4]
	at org.postgresql.jdbc.PgConnection.<init>(PgConnection.java:273) ~[postgresql-42.7.4.jar:42.7.4]
	at org.postgresql.Driver.makeConnection(Driver.java:446) ~[postgresql-42.7.4.jar:42.7.4]
	at org.postgresql.Driver.connect(Driver.java:298) ~[postgresql-42.7.4.jar:42.7.4]
	at com.zaxxer.hikari.util.DriverDataSource.getConnection(DriverDataSource.java:137) ~[HikariCP-5.1.0.jar:na]
	at com.zaxxer.hikari.pool.PoolBase.newConnection(PoolBase.java:360) ~[HikariCP-5.1.0.jar:na]
	at com.zaxxer.hikari.pool.PoolBase.newPoolEntry(PoolBase.java:202) ~[HikariCP-5.1.0.jar:na]
	at com.zaxxer.hikari.pool.HikariPool.createPoolEntry(HikariPool.java:461) ~[HikariCP-5.1.0.jar:na]
	at com.zaxxer.hikari.pool.HikariPool.checkFailFast(HikariPool.java:550) ~[HikariCP-5.1.0.jar:na]
	at com.zaxxer.hikari.pool.HikariPool.<init>(HikariPool.java:98) ~[HikariCP-5.1.0.jar:na]
	at com.zaxxer.hikari.HikariDataSource.getConnection(HikariDataSource.java:111) ~[HikariCP-5.1.0.jar:na]
	at org.hibernate.engine.jdbc.connections.internal.DatasourceConnectionProviderImpl.getConnection(DatasourceConnectionProviderImpl.java:126) ~[hibernate-core-6.6.4.Final.jar:6.6.4.Final]
	at org.hibernate.engine.jdbc.env.internal.JdbcEnvironmentInitiator$ConnectionProviderJdbcConnectionAccess.obtainConnection(JdbcEnvironmentInitiator.java:467) ~[hibernate-core-6.6.4.Final.jar:6.6.4.Final]
	at org.hibernate.resource.transaction.backend.jdbc.internal.DdlTransactionIsolatorNonJtaImpl.getIsolatedConnection(DdlTransactionIsolatorNonJtaImpl.java:46) ~[hibernate-core-6.6.4.Final.jar:6.6.4.Final]
	... 110 common frames omitted

[INFO] ------------------------------------------------------------------------
[INFO] BUILD FAILURE
[INFO] ------------------------------------------------------------------------
[INFO] Total time:  01:27 min
[INFO] Finished at: 2026-09-09T11:12:00-06:00
[INFO] ------------------------------------------------------------------------
[ERROR] Failed to execute goal org.springframework.boot:spring-boot-maven-plugin:3.4.1:run (default-cli) on project elmkusoma-core: Process terminated with exit code: 1 -> [Help 1]
[ERROR] 
[ERROR] To see the full stack trace of the errors, re-run Maven with the -e switch.
[ERROR] Re-run Maven using the -X switch to enable full debug logging.
[ERROR] 
[ERROR] For more information about the errors and possible solutions, please read the following articles:
[ERROR] [Help 1] http://cwiki.apache.org/confluence/display/MAVEN/MojoExecutionException
